user_id,item_id,rating
1,1112,2
1,1044,3
1,1066,4
1,1123,3
1,1093,1
1,1080,3
1,1070,2
1,1030,3
1,1082,2
1,1244,4
1,1229,3
1,1280,3
1,1288,3
1,1221,2
1,1281,2
1,1157,2
1,1153,3
1,1069,4
1,1217,2
1,1026,3
1,1232,2
1,1218,2
1,1147,2
1,1132,3
1,1294,2
1,1020,3
1,1172,2
1,1251,2
1,1029,3
1,1150,2
1,1228,3
1,1223,3
1,1011,3
1,1021,4
1,1180,3
1,1138,1
1,1031,3
1,1038,3
1,1296,2
1,1188,4
2,1171,2
2,1150,2
2,1192,3
2,1058,3
2,1296,2
2,1035,2
2,1278,2
2,1184,2
2,1160,3
2,1057,2
2,1261,3
2,1039,3
2,1208,4
2,1252,3
2,1177,2
2,1001,3
2,1084,2
2,1101,3
2,1166,4
2,1240,2
2,1090,3
2,1107,2
2,1062,2
2,1071,5
2,1031,4
2,1143,2
2,1043,4
2,1251,4
2,1268,3
2,1011,4
2,1164,3
2,1059,3
2,1297,3
2,1070,4
2,1075,2
2,1076,4
2,1216,3
2,1014,5
2,1202,2
2,1178,3
3,1019,3
3,1194,2
3,1249,2
3,1183,2
3,1112,3
3,1189,3
3,1033,3
3,1106,2
3,1006,2
3,1155,3
3,1042,4
3,1163,3
3,1066,3
3,1062,3
3,1011,1
3,1138,2
3,1233,2
3,1063,2
3,1232,2
3,1221,3
3,103,3
3,1032,3
3,1001,4
3,1123,3
3,1102,2
3,1068,3
3,1272,2
3,1262,3
3,1208,4
3,1048,3
3,1139,3
3,1113,3
3,1146,4
3,1054,3
3,1016,3
3,1114,2
3,1206,3
3,1226,2
3,1024,4
3,1247,2
4,1226,2
4,1010,3
4,1142,2
4,1095,3
4,1014,3
4,1094,3
4,1013,4
4,1153,4
4,1150,2
4,1255,4
4,1195,2
4,1270,5
4,1234,3
4,1121,2
4,1089,2
4,1138,2
4,1174,3
4,1016,2
4,1161,3
4,1131,2
4,1055,2
4,1180,2
4,1215,4
4,1196,3
4,1217,4
4,1189,2
4,1165,2
4,1087,3
4,1246,2
4,1257,2
4,1128,3
4,1034,4
4,1209,3
4,1032,4
4,1212,3
4,1084,2
4,1271,3
4,1156,3
4,1044,4
4,1159,4
5,1247,3
5,1257,2
5,1190,2
5,1279,2
5,1052,2
5,1126,5
5,1125,2
5,1220,3
5,1101,4
5,1138,1
5,1243,4
5,1094,3
5,1054,3
5,1061,2
5,1029,3
5,1223,3
5,1080,3
5,1219,2
5,1036,3
5,1155,2
5,1169,4
5,1025,3
5,1273,3
5,1269,2
5,1140,3
5,1145,3
5,1072,3
5,1081,3
5,1177,2
5,1252,2
5,1106,5
5,1063,2
5,1113,3
5,1244,2
5,1005,3
5,1176,2
5,1275,3
5,1285,4
5,1180,2
5,1231,2
6,1078,3
6,1295,3
6,1289,3
6,1070,3
6,1079,3
6,1164,3
6,1280,3
6,1013,3
6,1006,4
6,1033,3
6,1015,2
6,1287,3
6,1127,3
6,1099,2
6,1284,3
6,1205,2
6,1007,3
6,1246,3
6,1271,3
6,1140,2
6,1146,3
6,1239,3
6,1117,4
6,1199,3
6,1144,2
6,1224,3
6,1029,3
6,1022,3
6,1072,2
6,1217,3
6,1204,3
6,1229,2
6,1096,2
6,1166,3
6,1065,3
6,1152,3
6,1155,2
6,1168,3
6,1196,2
6,1058,4
7,1018,2
7,1283,3
7,1279,3
7,1091,2
7,1177,2
7,1275,2
7,1139,2
7,1029,3
7,1189,4
7,1250,3
7,1222,2
7,1273,3
7,1135,2
7,1052,3
7,1057,3
7,1041,2
7,1193,2
7,1183,3
7,1165,2
7,1277,3
7,1179,3
7,1065,4
7,1093,3
7,1252,3
7,1197,2
7,1248,4
7,1012,2
7,1015,1
7,1011,2
7,1062,5
7,1162,3
7,1234,3
7,1257,2
7,1225,2
7,1068,4
7,1255,3
7,1063,4
7,1159,3
7,1155,2
7,1075,3
8,1233,4
8,1023,3
8,1062,4
8,1257,4
8,1098,3
8,1279,2
8,1158,3
8,1236,4
8,1261,2
8,1184,3
8,1152,2
8,1080,3
8,1227,2
8,1264,2
8,1167,4
8,1271,3
8,1173,3
8,1127,3
8,1239,3
8,1090,3
8,1118,2
8,1134,4
8,1277,4
8,1144,4
8,1107,3
8,1139,4
8,1242,2
8,1154,1
8,1237,2
8,1170,3
8,1278,3
8,1132,3
8,1054,2
8,1285,3
8,1270,3
8,1186,2
8,1194,4
8,1168,3
8,1066,3
8,1140,2
9,1081,5
9,1205,4
9,1082,4
9,1010,2
9,1195,2
9,1245,3
9,1087,4
9,1140,4
9,1011,2
9,105,2
9,1144,4
9,1282,3
9,1046,3
9,1163,3
9,1137,2
9,1224,3
9,1270,2
9,1260,2
9,1244,3
9,1060,2
9,1250,2
9,1231,2
9,1131,3
9,1090,3
9,1049,3
9,1161,4
9,1075,2
9,1226,3
9,1123,3
9,108,2
9,1164,2
9,1143,2
9,1199,3
9,1210,1
9,1255,3
9,1159,2
9,1036,2
9,1197,2
9,1040,3
9,1086,4
10,1262,3
10,1177,3
10,1031,5
10,1280,3
10,1049,3
10,1023,2
10,1272,4
10,1250,2
10,1095,3
10,1285,3
10,1266,3
10,1068,1
10,1076,3
10,1159,3
10,1258,3
10,1218,4
10,1051,3
10,1097,3
10,1290,2
10,1242,3
10,1038,3
10,1253,2
10,1220,2
10,1020,2
10,1224,3
10,1059,3
10,1254,2
10,1204,2
10,1225,3
10,1021,3
10,1278,4
10,1228,3
10,1149,2
10,1003,2
10,1194,1
10,1122,2
10,102,3
10,1103,4
10,1288,2
10,1029,4
11,1049,3
11,1008,2
11,1206,1
11,1000,3
11,1115,4
11,1097,3
11,1026,3
11,1043,3
11,1296,2
11,1009,3
11,1220,3
11,1298,3
11,1016,1
11,1117,3
11,1014,2
11,1197,3
11,1216,3
11,1111,2
11,1268,1
11,1103,4
11,1020,2
11,1063,3
11,1249,3
11,1140,3
11,1286,3
11,1155,1
11,1287,4
11,1156,2
11,1113,3
11,1146,2
11,1065,3
11,1258,3
11,1105,3
11,1203,2
11,1145,3
11,1132,3
11,1023,2
11,1277,2
11,1294,1
11,1081,3
12,1162,3
12,1147,3
12,108,2
12,1100,3
12,1089,2
12,1052,3
12,1237,3
12,1116,5
12,1096,2
12,1195,3
12,1114,4
12,1274,2
12,1156,2
12,1136,2
12,1186,3
12,1230,4
12,1265,3
12,1175,5
12,1149,4
12,1125,2
12,1176,3
12,1254,2
12,1246,3
12,1042,3
12,1232,4
12,1155,3
12,1181,3
12,1152,3
12,1203,3
12,1015,3
12,1280,3
12,1105,4
12,1066,4
12,1000,3
12,1275,4
12,1291,3
12,1288,2
12,1205,2
12,1143,2
12,1070,3
13,1000,3
13,1263,2
13,1132,5
13,1266,2
13,1138,4
13,1249,3
13,1212,3
13,1083,4
13,1046,2
13,1041,2
13,1260,2
13,1068,5
13,1115,2
13,1090,2
13,1261,2
13,1121,4
13,1173,4
13,1128,5
13,1195,3
13,1032,3
13,1183,4
13,1199,3
13,1227,3
13,1281,1
13,1116,2
13,1107,3
13,1145,2
13,1033,2
13,1008,3
13,1039,2
13,1186,3
13,1185,4
13,1274,3
13,1235,2
13,1020,3
13,105,4
13,1079,2
13,1034,3
13,1247,4
13,1214,3
14,1296,3
14,1195,4
14,1159,2
14,1007,2
14,1131,5
14,1222,1
14,1243,3
14,1108,3
14,1174,3
14,1275,2
14,1184,1
14,1213,2
14,1087,3
14,1291,3
14,1186,2
14,1035,2
14,1143,3
14,1118,3
14,1029,3
14,1034,3
14,1129,3
14,1070,4
14,1191,4
14,1154,3
14,1176,4
14,1046,2
14,1038,2
14,103,3
14,1149,3
14,1219,3
14,1130,5
14,1044,3
14,1059,3
14,1036,2
14,1212,3
14,1221,2
14,1277,1
14,1276,3
14,1254,3
14,1200,2
15,1145,4
15,1156,3
15,1094,1
15,1237,2
15,1152,3
15,1082,3
15,1195,3
15,1155,3
15,1141,5
15,1243,2
15,1286,2
15,1116,2
15,1158,3
15,1184,2
15,1135,3
15,1193,3
15,1178,5
15,1050,3
15,1280,2
15,1295,2
15,1271,3
15,1084,2
15,1273,2
15,1005,3
15,1228,2
15,1099,3
15,1216,2
15,1027,4
15,1201,3
15,1247,2
15,1063,2
15,1147,5
15,1115,2
15,1121,3
15,1070,2
15,1208,4
15,1185,3
15,1029,4
15,1221,3
15,1298,2
16,1064,2
16,1170,4
16,1151,5
16,1167,4
16,1225,3
16,1097,4
16,1258,3
16,1239,3
16,1235,3
16,1041,3
16,1216,3
16,1223,3
16,1155,5
16,1026,2
16,1145,3
16,1014,2
16,1050,2
16,1003,2
16,1047,2
16,1076,3
16,1116,2
16,1256,2
16,1081,2
16,1274,3
16,1073,2
16,1161,3
16,1278,4
16,1210,4
16,1228,2
16,1110,3
16,1199,2
16,1086,2
16,1087,2
16,1213,4
16,1194,2
16,1006,3
16,1093,3
16,1222,2
16,1295,1
16,1211,2
17,1276,3
17,1077,2
17,1242,3
17,1139,3
17,1063,2
17,1087,2
17,1153,3
17,1222,4
17,1019,3
17,1175,2
17,105,2
17,1240,5
17,1061,2
17,1091,3
17,1188,3
17,1279,2
17,1250,4
17,1245,2
17,1201,3
17,1243,4
17,1204,2
17,1219,2
17,1034,2
17,1281,3
17,1007,3
17,1104,4
17,1141,3
17,1008,3
17,1132,4
17,1107,4
17,1267,2
17,1078,3
17,1226,3
17,1273,3
17,1253,2
17,1049,4
17,1285,5
17,1050,1
17,1129,3
17,1270,2
18,1202,2
18,1022,2
18,1133,4
18,1056,3
18,1059,5
18,1119,3
18,1066,3
18,1156,3
18,1118,4
18,1193,2
18,1242,3
18,1064,2
18,1287,1
18,1129,4
18,1204,1
18,1184,3
18,1223,4
18,1030,2
18,1039,2
18,1198,4
18,1255,3
18,1134,3
18,1180,2
18,1224,3
18,1241,2
18,1159,2
18,1289,3
18,102,3
18,1226,2
18,1175,3
18,1024,2
18,1265,3
18,1195,3
18,1103,3
18,1211,3
18,1100,3
18,1245,2
18,1157,3
18,1137,4
18,1164,3
19,1053,2
19,1208,3
19,1059,2
19,1236,4
19,1028,4
19,1109,3
19,1188,5
19,1037,2
19,1044,2
19,1152,2
19,1180,4
19,1145,3
19,1062,4
19,1187,3
19,1060,4
19,1065,4
19,1027,3
19,1263,3
19,1280,4
19,105,4
19,1076,3
19,1217,3
19,1171,2
19,1101,3
19,1069,4
19,1202,3
19,1218,3
19,1103,2
19,1036,1
19,1043,3
19,1063,4
19,1055,3
19,1293,3
19,1211,3
19,1153,4
19,1118,2
19,1133,2
19,1035,3
19,1119,2
19,1275,2
20,1208,3
20,1197,4
20,1034,3
20,1266,2
20,1267,2
20,1070,4
20,1134,4
20,1150,4
20,1032,2
20,1253,3
20,1096,2
20,1071,4
20,1159,3
20,1192,4
20,1292,3
20,1025,3
20,1215,4
20,1114,2
20,1021,3
20,1117,3
20,1036,4
20,1214,3
20,1051,3
20,1224,3
20,1020,2
20,1081,4
20,1053,3
20,107,4
20,1062,4
20,106,3
20,1075,4
20,1246,2
20,1169,3
20,1259,4
20,1256,4
20,1124,2
20,1077,4
20,1182,2
20,1056,3
20,1129,3
21,1018,2
21,1083,4
21,1106,2
21,1256,3
21,1015,3
21,1197,3
21,1027,5
21,1230,4
21,1136,3
21,1151,2
21,1159,2
21,1036,2
21,1275,3
21,1225,3
21,105,3
21,1180,3
21,1094,3
21,1141,4
21,1280,2
21,1147,3
21,1116,3
21,1229,3
21,1294,2
21,1244,3
21,1092,3
21,1271,2
21,1117,2
21,1069,2
21,104,2
21,1201,5
21,1004,3
21,1111,3
21,1269,3
21,1169,2
21,1163,3
21,101,3
21,1184,2
21,1149,4
21,1045,3
21,1097,2
22,1149,3
22,1229,3
22,1127,3
22,1053,2
22,1038,3
22,1072,2
22,1147,3
22,1012,3
22,1102,3
22,1159,3
22,1067,3
22,1119,2
22,1174,3
22,1194,3
22,1254,2
22,1017,2
22,1145,2
22,1125,3
22,1081,2
22,1007,4
22,1199,3
22,1223,4
22,1276,4
22,1273,4
22,1040,2
22,1228,3
22,1044,1
22,1063,3
22,1054,2
22,107,3
22,1023,2
22,1105,3
22,1058,2
22,1093,3
22,1197,3
22,1182,5
22,1035,4
22,1290,2
22,1292,2
22,1124,3
23,1237,2
23,1270,2
23,1240,3
23,1168,5
23,1281,4
23,1249,2
23,1156,2
23,1190,4
23,1130,3
23,1084,3
23,1005,3
23,1155,3
23,1297,4
23,1104,4
23,1007,3
23,1135,3
23,1021,2
23,1233,2
23,1263,3
23,1175,2
23,1291,3
23,1111,3
23,1073,3
23,1043,3
23,1118,3
23,1115,2
23,1128,3
23,1265,2
23,1020,3
23,1286,4
23,1173,3
23,1080,3
23,1082,3
23,1113,3
23,1295,4
23,1154,2
23,1294,3
23,1006,2
23,1172,3
23,1282,5
24,1174,3
24,1106,3
24,1293,4
24,1081,3
24,1185,4
24,1149,2
24,1142,2
24,1057,5
24,1082,3
24,101,2
24,1285,3
24,1192,3
24,1282,1
24,1008,3
24,1085,3
24,1154,3
24,1105,2
24,1281,3
24,1045,2
24,1246,4
24,1064,3
24,1161,3
24,1031,4
24,1113,3
24,1169,2
24,1155,4
24,1077,3
24,1037,2
24,1163,2
24,1220,3
24,106,2
24,1127,2
24,1099,3
24,1119,4
24,1026,3
24,1171,4
24,1123,1
24,1047,2
24,1016,2
24,1189,3
25,1144,2
25,1113,3
25,1041,3
25,1017,2
25,1193,3
25,1284,4
25,1273,4
25,1243,5
25,1070,3
25,1019,2
25,1176,3
25,102,4
25,1210,3
25,1036,3
25,1142,1
25,1299,3
25,1237,2
25,1094,1
25,1005,3
25,1097,2
25,1079,2
25,1141,3
25,1033,3
25,1234,2
25,1051,2
25,1149,2
25,1195,1
25,1233,2
25,1242,5
25,1127,5
25,1038,1
25,1270,4
25,1190,3
25,1086,3
25,1181,4
25,1187,4
25,1087,3
25,1220,3
25,1014,3
25,1126,5
26,1067,2
26,1296,2
26,1124,2
26,1155,3
26,1026,3
26,1036,2
26,1190,4
26,1276,3
26,1195,4
26,1274,4
26,1158,2
26,1133,5
26,1258,4
26,1226,4
26,107,4
26,1292,2
26,1259,5
26,1206,2
26,1049,2
26,1204,3
26,1068,3
26,1282,3
26,1293,3
26,1290,2
26,1043,3
26,1046,3
26,1280,4
26,1138,3
26,1266,2
26,1168,3
26,1202,2
26,1127,3
26,1188,3
26,1240,3
26,1284,3
26,1234,2
26,1011,4
26,1080,2
26,1198,3
26,1065,2
27,1094,4
27,1021,4
27,1119,3
27,1008,2
27,1225,3
27,1017,2
27,1176,2
27,1093,2
27,1132,2
27,1180,4
27,1229,2
27,1250,5
27,1195,2
27,1055,2
27,1007,2
27,1115,3
27,1182,2
27,1242,4
27,1296,3
27,1220,1
27,1082,4
27,1234,3
27,1292,2
27,1274,3
27,1171,3
27,1168,2
27,1075,2
27,1124,2
27,1038,2
27,1137,3
27,1006,4
27,1189,3
27,1284,2
27,1101,2
27,1105,2
27,1107,3
27,1097,3
27,1129,2
27,1201,4
27,1254,4
28,1021,2
28,1299,4
28,1198,3
28,1155,3
28,1063,3
28,1005,2
28,1246,3
28,1143,2
28,1124,3
28,1206,2
28,1199,3
28,1190,2
28,1010,2
28,1290,3
28,1284,3
28,1089,2
28,1167,3
28,1105,3
28,1265,2
28,1235,2
28,1175,2
28,1251,3
28,1145,2
28,1079,1
28,1277,4
28,1084,3
28,1142,3
28,1041,3
28,1233,3
28,1057,3
28,1278,4
28,1085,2
28,1163,3
28,1037,3
28,1173,3
28,1106,2
28,1149,2
28,1207,2
28,1161,1
28,1182,3
29,1188,2
29,103,3
29,1011,2
29,1265,2
29,1094,3
29,1183,3
29,108,3
29,1156,2
29,1263,3
29,1089,2
29,1001,2
29,1119,2
29,1107,5
29,1168,4
29,1151,2
29,1058,2
29,1044,4
29,1249,3
29,1293,3
29,1148,3
29,1077,2
29,1025,3
29,1015,2
29,1144,2
29,1140,2
29,1225,5
29,1258,3
29,1297,3
29,1260,3
29,1164,4
29,1214,3
29,1060,2
29,1167,4
29,1242,3
29,1175,3
29,1088,3
29,1076,3
29,1198,3
29,1108,4
29,1106,4
30,1095,2
30,1175,5
30,1201,3
30,1143,2
30,1074,2
30,1012,2
30,1272,3
30,1246,3
30,1098,2
30,1238,4
30,1161,3
30,1112,3
30,102,2
30,107,3
30,1037,3
30,1048,2
30,1285,4
30,1244,4
30,1068,4
30,1038,2
30,1253,4
30,1030,3
30,1043,2
30,1123,3
30,1110,3
30,1225,3
30,1127,3
30,1229,2
30,1017,3
30,1081,2
30,1140,2
30,1176,2
30,1152,2
30,1210,3
30,1051,4
30,1040,2
30,1015,3
30,105,3
30,1062,4
30,1079,3
31,1260,3
31,1287,2
31,1281,3
31,1106,3
31,1165,2
31,1257,2
31,1259,2
31,1040,4
31,1213,3
31,1119,3
31,1238,2
31,1169,2
31,1189,4
31,1068,4
31,1277,3
31,1019,4
31,106,4
31,1072,2
31,1250,3
31,1232,3
31,1245,3
31,1076,3
31,1030,3
31,1243,3
31,1156,2
31,1115,2
31,1161,3
31,1134,3
31,1017,3
31,1251,3
31,1273,3
31,1185,2
31,1198,2
31,1112,3
31,1032,3
31,1227,2
31,1219,3
31,1285,3
31,1221,2
31,1037,2
32,1046,5
32,1122,2
32,1092,2
32,1088,3
32,1053,2
32,1193,4
32,1102,2
32,1226,2
32,1089,2
32,1165,1
32,1047,3
32,1204,1
32,1015,4
32,1293,2
32,1055,3
32,1222,2
32,1250,3
32,1060,3
32,1247,3
32,103,2
32,1263,3
32,1016,4
32,1275,2
32,1213,2
32,1291,3
32,1239,3
32,1252,3
32,1082,3
32,1288,2
32,1080,2
32,1057,3
32,1045,2
32,1190,3
32,1299,4
32,1156,3
32,1188,2
32,1206,3
32,1119,3
32,1132,4
32,1195,3
33,1074,2
33,1138,2
33,1120,3
33,1066,3
33,1023,4
33,1143,4
33,1096,3
33,1269,4
33,1008,2
33,1175,3
33,1223,4
33,1044,3
33,1279,2
33,1106,2
33,1191,2
33,1113,2
33,1253,2
33,1139,4
33,1016,3
33,1187,2
33,1190,2
33,1205,3
33,1152,3
33,1274,2
33,1019,3
33,107,2
33,1095,2
33,1218,2
33,1107,2
33,1180,4
33,1293,2
33,1271,2
33,1092,2
33,1091,4
33,1142,3
33,1221,2
33,1082,3
33,1030,3
33,1087,4
33,1080,4
34,1169,3
34,1220,3
34,1115,2
34,1116,3
34,1012,4
34,1156,3
34,1187,2
34,1050,3
34,1189,2
34,1123,3
34,1268,2
34,1136,3
34,1004,4
34,1256,3
34,1183,3
34,1255,3
34,1252,4
34,1241,3
34,1014,3
34,1143,3
34,1090,4
34,1034,5
34,1041,3
34,1077,2
34,1267,3
34,1265,2
34,104,3
34,1025,3
34,1099,4
34,1101,3
34,1209,2
34,1045,2
34,1097,4
34,1214,3
34,1028,3
34,1070,2
34,1227,4
34,1161,1
34,1011,4
34,1036,4
35,106,3
35,1275,3
35,1276,3
35,1064,3
35,1055,4
35,1013,3
35,103,2
35,1285,4
35,1297,2
35,1193,3
35,1267,2
35,1272,2
35,1035,3
35,1148,3
35,1099,3
35,1168,4
35,1100,4
35,1203,3
35,1254,1
35,1074,3
35,1086,3
35,1105,4
35,1121,3
35,1091,2
35,1050,3
35,1084,3
35,1282,3
35,1019,3
35,1273,2
35,1228,3
35,1029,3
35,1140,2
35,1026,3
35,1120,2
35,1042,5
35,1093,2
35,1289,4
35,1241,3
35,1161,4
35,1174,2
36,1289,3
36,1288,3
36,1199,3
36,1294,5
36,1100,1
36,1010,3
36,1274,1
36,1125,3
36,1270,3
36,1268,2
36,1233,4
36,1068,2
36,1179,5
36,1192,2
36,1106,2
36,1293,5
36,1140,2
36,1060,2
36,1229,2
36,1248,3
36,1253,1
36,1038,2
36,1195,3
36,1178,4
36,1249,3
36,106,2
36,1114,3
36,1076,3
36,1255,2
36,1063,3
36,1220,3
36,1073,2
36,1083,3
36,1281,2
36,1066,3
36,1239,4
36,1175,4
36,1012,3
36,1104,3
36,1241,3
37,1052,3
37,1109,3
37,1204,2
37,1161,2
37,1050,2
37,1238,2
37,1237,2
37,1099,3
37,1294,3
37,1074,4
37,1202,3
37,1003,4
37,1116,4
37,1014,2
37,1057,2
37,1285,3
37,1295,3
37,1060,5
37,1254,2
37,1012,2
37,1067,4
37,1020,2
37,1077,4
37,1124,4
37,1084,4
37,1256,3
37,1199,3
37,1298,1
37,1280,3
37,1001,3
37,1137,2
37,1035,2
37,1102,4
37,1221,3
37,1233,3
37,1079,4
37,1104,3
37,1299,2
37,1065,4
37,1290,2
38,1286,2
38,1042,3
38,1209,2
38,1060,3
38,1122,2
38,1236,3
38,1111,3
38,1034,2
38,1137,4
38,1298,2
38,1270,2
38,1201,2
38,1123,2
38,1088,3
38,103,3
38,104,3
38,1287,2
38,1259,4
38,1052,2
38,1258,3
38,1184,3
38,1097,4
38,1153,3
38,1177,3
38,1046,3
38,1071,5
38,1210,2
38,1291,3
38,1121,3
38,1125,3
38,1266,3
38,1208,3
38,1281,3
38,1179,2
38,1133,3
38,1195,4
38,1096,2
38,1203,2
38,1274,3
38,1277,2
39,1216,3
39,106,3
39,1095,2
39,1257,2
39,1138,2
39,1091,3
39,1009,2
39,1298,2
39,1253,1
39,1256,2
39,1110,3
39,1078,4
39,1010,2
39,1176,3
39,1114,3
39,101,3
39,1072,3
39,1036,2
39,1133,3
39,1196,2
39,1172,2
39,1194,3
39,1199,2
39,1292,3
39,1094,3
39,108,3
39,1027,4
39,1038,2
39,1273,2
39,1137,3
39,1278,2
39,1290,2
39,1170,2
39,1169,3
39,1107,3
39,1224,2
39,1198,2
39,1286,2
39,103,2
39,1125,3
40,1285,2
40,1129,2
40,1085,3
40,1089,3
40,1247,3
40,1094,4
40,1112,2
40,1115,3
40,1127,3
40,1097,4
40,1109,3
40,1095,4
40,1119,3
40,1174,2
40,1071,3
40,1046,2
40,1053,2
40,1032,4
40,1244,2
40,104,3
40,1269,3
40,1013,3
40,1238,2
40,1182,3
40,1153,4
40,1286,3
40,1132,3
40,1243,3
40,1253,3
40,1135,3
40,1195,2
40,1105,4
40,1287,2
40,1057,3
40,1019,3
40,1261,4
40,1208,3
40,1236,3
40,1268,3
40,1008,3
41,1256,2
41,1265,3
41,1153,2
41,1241,2
41,1145,3
41,1120,3
41,1279,2
41,1282,4
41,1016,1
41,1195,2
41,1042,4
41,1075,3
41,1022,3
41,1102,5
41,1122,2
41,1235,3
41,1041,3
41,1222,3
41,1163,3
41,1125,3
41,1176,2
41,1278,3
41,1277,3
41,1123,2
41,1168,4
41,1002,3
41,1202,2
41,1054,2
41,1171,3
41,1093,3
41,1287,4
41,1286,4
41,1267,3
41,1081,3
41,1137,3
41,1173,2
41,1158,3
41,1253,3
41,1220,4
41,1032,2
42,1126,3
42,1071,3
42,1035,1
42,1191,2
42,1150,3
42,1109,3
42,1118,3
42,1137,2
42,1218,1
42,1056,4
42,1059,3
42,1261,3
42,1079,3
42,1006,2
42,1009,3
42,1174,3
42,1158,3
42,1235,5
42,1231,3
42,1268,3
42,1131,2
42,1272,2
42,1219,3
42,1061,3
42,1082,4
42,1294,4
42,1297,3
42,1225,2
42,1280,2
42,1214,2
42,1260,2
42,1265,3
42,1169,2
42,1238,4
42,1108,3
42,1037,3
42,1149,3
42,1179,4
42,1203,2
42,1125,3
43,1243,4
43,1088,2
43,1156,3
43,1001,3
43,1069,4
43,1017,2
43,1265,2
43,1003,4
43,1087,2
43,1044,3
43,1136,1
43,1129,4
43,1056,2
43,1216,3
43,105,4
43,1111,3
43,1038,2
43,108,4
43,1244,4
43,1103,2
43,1167,3
43,1207,3
43,1151,3
43,1247,5
43,1182,4
43,1229,2
43,1008,4
43,1161,4
43,1033,2
43,1066,4
43,1020,2
43,1128,5
43,1192,3
43,1028,2
43,1270,4
43,1232,3
43,1084,2
43,1090,3
43,1120,4
43,1187,4
44,1072,3
44,1247,2
44,1038,3
44,1165,2
44,1022,2
44,1174,3
44,1070,3
44,1266,2
44,1046,3
44,1056,2
44,1241,2
44,1111,3
44,1154,3
44,1277,3
44,1169,4
44,1216,2
44,1090,3
44,1002,3
44,1185,3
44,1175,3
44,1060,2
44,1120,4
44,1012,4
44,1240,3
44,1278,2
44,1142,3
44,1269,3
44,1242,2
44,1089,3
44,1282,3
44,1087,3
44,1270,3
44,1170,3
44,1157,3
44,1231,2
44,1132,4
44,1298,2
44,1275,2
44,1074,4
44,1027,3
45,107,2
45,1098,2
45,1243,2
45,1032,2
45,1231,4
45,1023,3
45,1176,1
45,1277,2
45,1204,4
45,1180,2
45,1021,3
45,1128,2
45,1262,4
45,1012,3
45,1028,3
45,1147,4
45,1031,2
45,1102,2
45,1257,2
45,1041,3
45,1043,3
45,1110,2
45,1264,4
45,1189,3
45,1089,4
45,1090,3
45,1261,4
45,1119,2
45,1283,3
45,1083,4
45,1046,2
45,1287,3
45,1175,4
45,1226,2
45,1210,3
45,1045,2
45,1077,2
45,1084,3
45,1273,3
45,1197,3
46,1071,3
46,1062,3
46,1127,3
46,1179,3
46,1290,2
46,1119,2
46,1111,2
46,1123,3
46,1145,3
46,1039,4
46,1284,2
46,1196,3
46,1283,3
46,1103,3
46,1031,4
46,1158,4
46,1239,2
46,1080,3
46,1241,1
46,1287,2
46,1040,3
46,1296,3
46,1011,2
46,1187,2
46,1032,4
46,1020,2
46,1163,2
46,1170,2
46,1214,4
46,1205,3
46,1053,3
46,1108,2
46,106,3
46,1019,2
46,1148,3
46,1260,2
46,1013,2
46,1155,5
46,1268,2
46,1281,2
47,1148,3
47,1078,3
47,1171,3
47,1218,2
47,1066,1
47,1217,3
47,1014,3
47,1111,3
47,1094,2
47,1183,1
47,1071,2
47,1035,3
47,1049,3
47,1019,4
47,1116,1
47,1067,4
47,1139,2
47,108,2
47,1167,5
47,1048,3
47,1222,4
47,1233,2
47,1003,3
47,1161,5
47,1099,2
47,1267,2
47,1100,5
47,1096,3
47,1271,2
47,1259,3
47,1124,3
47,1272,2
47,1239,2
47,1064,2
47,1001,2
47,1184,4
47,1290,3
47,1261,2
47,1122,4
47,1079,3
48,1190,3
48,1007,2
48,1276,2
48,1135,3
48,1107,4
48,1069,2
48,1166,4
48,1193,2
48,1062,3
48,1036,2
48,1187,3
48,1258,3
48,1108,2
48,1205,2
48,1115,3
48,1285,2
48,1070,3
48,1210,3
48,1151,3
48,1160,4
48,1221,2
48,1269,3
48,1059,3
48,1097,2
48,1289,2
48,1095,3
48,1150,3
48,1260,3
48,1061,3
48,1212,3
48,1066,3
48,1281,2
48,1072,2
48,1154,4
48,1026,2
48,1277,1
48,1264,3
48,1052,4
48,1086,4
48,1155,2
49,1242,3
49,1158,3
49,1226,4
49,1118,3
49,1210,3
49,1199,4
49,1013,3
49,1186,4
49,1152,2
49,1193,3
49,1284,3
49,1296,3
49,1266,4
49,1260,2
49,1011,3
49,1258,2
49,1047,2
49,1223,4
49,1225,3
49,1117,2
49,1257,2
49,1267,2
49,1194,3
49,1012,2
49,1277,3
49,1190,4
49,1256,2
49,1017,1
49,1089,2
49,1141,2
49,1217,3
49,1195,3
49,1147,3
49,1138,3
49,1228,4
49,1077,2
49,1208,3
49,1142,3
49,1019,3
49,1064,4
50,1149,2
50,1150,2
50,1220,3
50,1139,5
50,1084,3
50,1052,3
50,1059,3
50,1095,3
50,102,2
50,1121,2
50,107,2
50,1226,3
50,1246,3
50,1247,3
50,1270,1
50,103,2
50,1244,3
50,1113,3
50,1103,2
50,1293,3
50,1235,4
50,1224,3
50,1201,3
50,1218,3
50,1032,3
50,1299,3
50,104,2
50,1117,3
50,1272,2
50,1134,4
50,1277,2
50,1098,2
50,1017,4
50,1086,2
50,1067,3
50,1020,2
50,1170,2
50,1010,2
50,1066,3
50,1008,2
51,1154,2
51,1124,2
51,1261,4
51,1286,3
51,1173,2
51,1058,3
51,1280,2
51,1246,1
51,1258,3
51,1244,2
51,1084,3
51,1111,3
51,1140,4
51,1091,2
51,101,2
51,1052,3
51,1004,2
51,1230,4
51,1098,3
51,1204,4
51,1203,4
51,1015,2
51,1162,2
51,1171,2
51,1278,2
51,1100,2
51,106,3
51,1095,2
51,1136,3
51,1122,2
51,1026,5
51,1149,4
51,1145,3
51,1251,2
51,1273,2
51,1157,2
51,104,2
51,1050,2
51,1166,3
51,1194,2
52,1153,5
52,1008,2
52,1131,2
52,1203,3
52,1036,4
52,1246,3
52,1113,2
52,1182,3
52,1223,3
52,1146,3
52,1102,2
52,1260,4
52,1081,2
52,1049,3
52,1183,3
52,1011,3
52,1095,3
52,1039,4
52,1219,5
52,1251,3
52,1004,3
52,1239,3
52,1248,2
52,1070,2
52,1089,2
52,1166,3
52,1150,4
52,1159,4
52,1065,2
52,1042,3
52,1256,3
52,1059,3
52,1097,3
52,1010,3
52,1227,4
52,1190,4
52,1259,2
52,1051,2
52,103,3
52,1151,4
53,1083,2
53,1297,2
53,1295,3
53,1220,5
53,1174,3
53,1151,2
53,1162,3
53,1093,2
53,1265,2
53,1032,2
53,1230,2
53,1282,4
53,1059,1
53,1039,2
53,1231,3
53,1041,4
53,1225,5
53,1150,2
53,1232,3
53,1110,2
53,1106,4
53,1065,2
53,1124,3
53,1178,3
53,1192,4
53,1085,3
53,1161,3
53,1158,2
53,1224,4
53,1241,2
53,1007,1
53,1025,2
53,1235,4
53,1049,5
53,1171,3
53,1237,3
53,1228,5
53,1079,2
53,1136,2
53,1170,3
54,1023,2
54,1038,3
54,1103,2
54,1063,3
54,1289,2
54,101,2
54,1067,2
54,1068,3
54,1223,2
54,1264,3
54,1141,3
54,1191,3
54,1287,3
54,1220,3
54,1092,3
54,1097,3
54,1154,3
54,1145,3
54,1283,2
54,1147,3
54,1214,3
54,1168,2
54,1037,2
54,1290,3
54,105,1
54,1253,3
54,1198,3
54,1057,3
54,1142,3
54,1181,4
54,1273,2
54,1019,2
54,1278,2
54,1175,4
54,1048,2
54,1136,2
54,1007,3
54,1112,3
54,1213,2
54,1294,4
55,1271,3
55,1287,2
55,1179,2
55,1009,5
55,1011,2
55,1282,4
55,1239,2
55,1180,3
55,1049,2
55,1289,3
55,1238,2
55,1032,2
55,1064,3
55,1261,3
55,1135,3
55,1230,3
55,1256,3
55,1259,4
55,1037,2
55,1117,3
55,1233,2
55,1031,2
55,1268,4
55,1288,3
55,1151,2
55,1019,2
55,1167,3
55,1265,4
55,106,4
55,1232,3
55,1224,2
55,1254,3
55,1285,5
55,1161,2
55,1207,2
55,1172,2
55,1142,3
55,1140,2
55,1077,2
55,1010,3
56,1217,3
56,1077,3
56,1099,2
56,1287,2
56,1168,3
56,1019,4
56,1127,2
56,1051,2
56,1018,3
56,1229,2
56,1196,4
56,1235,2
56,1146,3
56,1264,3
56,1111,2
56,1186,3
56,1191,4
56,1234,3
56,1126,3
56,1066,3
56,1263,4
56,1214,2
56,107,4
56,1139,2
56,1221,2
56,1187,2
56,1153,3
56,1013,5
56,1041,3
56,1173,3
56,1213,3
56,1131,3
56,1163,4
56,1130,3
56,1128,2
56,1042,2
56,1122,1
56,1291,3
56,1192,3
56,1228,1
57,1133,2
57,1210,1
57,1157,2
57,1123,2
57,1074,3
57,1029,3
57,1023,3
57,1187,3
57,1190,3
57,1162,1
57,1022,4
57,1124,2
57,1127,4
57,1083,3
57,1217,2
57,1027,4
57,1243,4
57,1094,2
57,1193,2
57,1047,2
57,1065,1
57,1268,3
57,1212,3
57,1103,3
57,1046,3
57,1218,2
57,1044,2
57,1009,3
57,1028,4
57,1284,3
57,1120,3
57,1220,3
57,1001,3
57,1246,4
57,1068,3
57,101,3
57,1011,2
57,1191,3
57,1128,2
57,1069,2
58,1063,2
58,1010,2
58,1090,5
58,1004,3
58,1295,4
58,1114,3
58,1242,3
58,1191,2
58,1024,3
58,1268,4
58,1149,3
58,1247,2
58,1265,3
58,1222,3
58,1000,2
58,1165,2
58,1020,2
58,1164,4
58,1013,3
58,1199,3
58,1052,3
58,1100,3
58,1259,3
58,1226,3
58,1266,3
58,1068,3
58,1288,3
58,1111,3
58,1028,2
58,1064,2
58,1001,3
58,1233,2
58,1015,2
58,1116,3
58,1058,3
58,108,3
58,1080,4
58,1017,3
58,1041,2
58,1225,2
59,1137,3
59,1205,3
59,1235,3
59,1056,3
59,1097,2
59,1065,3
59,1130,2
59,1259,4
59,1222,4
59,1202,2
59,1114,2
59,1081,1
59,1011,3
59,1297,4
59,1084,2
59,1247,3
59,1037,3
59,1146,2
59,1170,2
59,1206,2
59,103,3
59,1277,4
59,1112,2
59,1090,3
59,1052,2
59,1263,3
59,1040,4
59,1177,1
59,1268,3
59,1251,3
59,1104,3
59,1229,4
59,1098,3
59,1133,2
59,1019,3
59,1091,2
59,1049,4
59,1068,3
59,1234,2
59,1246,2
60,1130,2
60,1095,3
60,1163,3
60,1057,4
60,1008,2
60,1283,3
60,1022,2
60,1135,3
60,1061,2
60,1048,2
60,1230,4
60,1226,3
60,1206,3
60,1079,2
60,1167,2
60,1104,3
60,1143,2
60,1072,3
60,1287,3
60,1275,3
60,1109,2
60,1036,2
60,1202,2
60,1259,3
60,1242,2
60,1102,2
60,1294,4
60,1234,4
60,1228,2
60,1134,2
60,108,4
60,1211,2
60,1118,4
60,1159,2
60,1214,2
60,1288,3
60,1105,2
60,1068,2
60,1285,3
60,103,4
61,1269,2
61,1286,2
61,1098,2
61,1033,2
61,1163,2
61,1020,3
61,1255,2
61,1178,2
61,1018,4
61,1048,3
61,1188,4
61,1179,2
61,1230,3
61,1012,3
61,1081,4
61,1278,3
61,1026,3
61,1279,4
61,1096,3
61,1062,4
61,1114,2
61,1268,2
61,1050,4
61,1236,2
61,1289,2
61,1099,2
61,1107,3
61,1156,2
61,1172,3
61,1128,4
61,1249,3
61,1208,3
61,1133,2
61,1019,3
61,1024,3
61,1182,3
61,1168,3
61,1223,2
61,1240,3
61,1248,4
62,1159,2
62,1240,2
62,1295,3
62,1263,2
62,1272,1
62,1219,3
62,1226,2
62,1147,2
62,1282,4
62,1059,3
62,1148,3
62,1079,2
62,1125,3
62,1108,2
62,1239,3
62,1182,2
62,1139,3
62,1016,4
62,1067,2
62,1172,4
62,1137,5
62,1225,2
62,1077,5
62,1074,4
62,1266,3
62,1138,3
62,1085,3
62,1081,2
62,1070,4
62,1113,3
62,1051,4
62,1013,5
62,1154,3
62,1286,3
62,1056,3
62,1217,2
62,1181,2
62,1086,3
62,1097,2
62,1279,2
63,1261,4
63,1105,3
63,1134,4
63,1092,1
63,1003,4
63,1034,4
63,1267,4
63,1220,2
63,1036,2
63,1254,3
63,1193,2
63,1091,3
63,1243,2
63,1154,2
63,1253,3
63,1020,5
63,1176,2
63,1195,3
63,1067,4
63,1210,3
63,1181,3
63,1189,2
63,1182,2
63,107,2
63,1137,3
63,1168,3
63,1171,2
63,1149,5
63,1279,3
63,1102,2
63,1219,2
63,1204,3
63,1218,2
63,1139,3
63,1075,2
63,1209,3
63,1063,3
63,1292,3
63,1298,3
63,1065,2
64,1177,2
64,1289,2
64,1238,3
64,1281,3
64,1215,4
64,1124,4
64,1235,1
64,1053,4
64,1183,3
64,1254,3
64,1286,1
64,1000,3
64,1075,3
64,1021,2
64,1066,2
64,1155,2
64,1228,3
64,1061,2
64,1174,2
64,1019,2
64,1131,1
64,1176,3
64,1206,3
64,1016,3
64,1140,3
64,1141,3
64,1263,2
64,1031,4
64,1255,1
64,1091,4
64,1085,1
64,1040,3
64,1298,3
64,1077,3
64,1270,4
64,1157,3
64,1153,4
64,1146,3
64,1130,2
64,1041,3
65,1099,2
65,1058,3
65,1032,4
65,1209,2
65,1049,3
65,1031,3
65,1001,3
65,1239,2
65,1212,3
65,1013,3
65,1092,2
65,1047,3
65,1008,4
65,1254,2
65,1295,2
65,1022,3
65,1232,3
65,1052,4
65,1121,3
65,1014,4
65,1025,4
65,1146,2
65,106,2
65,1041,4
65,1055,3
65,1097,2
65,1292,2
65,1094,3
65,1086,2
65,1171,3
65,1006,3
65,1038,4
65,1066,3
65,1134,3
65,1288,3
65,1170,3
65,1172,2
65,1074,2
65,1248,3
65,1115,2
66,1200,2
66,1140,2
66,1211,2
66,1088,3
66,1027,3
66,1235,4
66,1180,3
66,1083,2
66,107,2
66,1243,1
66,1045,3
66,1194,3
66,1216,3
66,1259,3
66,1035,3
66,1053,5
66,1065,2
66,1197,2
66,1294,3
66,1044,2
66,1078,2
66,1025,3
66,1178,4
66,1093,3
66,1165,2
66,1094,2
66,1296,4
66,1198,2
66,1054,5
66,1111,4
66,1209,4
66,1247,2
66,1134,3
66,1289,3
66,1295,4
66,1131,2
66,1196,3
66,1174,4
66,1199,2
66,1240,2
67,1076,3
67,1243,4
67,1212,3
67,1060,5
67,1151,2
67,1191,3
67,1241,3
67,1048,1
67,1283,3
67,1275,3
67,1268,2
67,1284,2
67,1232,2
67,1235,2
67,1279,2
67,1072,3
67,1251,3
67,1020,3
67,1192,3
67,1126,4
67,1245,3
67,1294,2
67,1185,4
67,1172,3
67,1137,2
67,1156,2
67,1023,1
67,1006,4
67,1015,2
67,1057,2
67,1179,2
67,1170,4
67,1290,3
67,1005,5
67,1166,3
67,1186,4
67,1041,3
67,1211,2
67,1168,2
67,1174,3
68,1285,3
68,1197,3
68,1107,3
68,1039,3
68,1288,2
68,1040,3
68,1295,2
68,1164,1
68,1131,4
68,1026,2
68,1282,3
68,1263,1
68,1235,2
68,1210,2
68,1099,3
68,1169,3
68,1031,3
68,1146,3
68,1250,4
68,1145,3
68,1213,3
68,1268,3
68,1152,3
68,1094,3
68,1204,1
68,1120,3
68,1255,3
68,1224,3
68,1272,3
68,1084,4
68,1001,4
68,1256,4
68,1087,3
68,1287,3
68,1247,2
68,1101,3
68,1231,2
68,1129,1
68,1264,4
68,1214,3
69,1152,2
69,1144,4
69,1024,4
69,1200,4
69,1178,3
69,1038,2
69,1195,2
69,1063,3
69,1112,3
69,1049,3
69,1284,3
69,1248,2
69,1053,2
69,1259,1
69,1289,4
69,1260,4
69,1120,2
69,1246,2
69,1113,2
69,1299,3
69,1054,2
69,1160,1
69,1291,2
69,1191,2
69,1208,4
69,1103,4
69,1065,5
69,1046,3
69,1081,5
69,1101,3
69,1132,2
69,1217,4
69,1201,4
69,1122,2
69,1293,3
69,1020,3
69,1243,2
69,1265,4
69,1183,3
69,1154,2
70,1009,3
70,1132,2
70,1033,4
70,1243,3
70,1233,2
70,1203,3
70,1162,3
70,1208,3
70,1043,2
70,1074,3
70,1125,3
70,1251,2
70,1025,3
70,1172,3
70,1207,2
70,1272,3
70,1159,4
70,1224,3
70,1006,2
70,1018,3
70,1086,3
70,1219,4
70,1061,3
70,102,2
70,1197,3
70,1094,5
70,1148,3
70,1152,4
70,1286,3
70,1034,4
70,1048,3
70,1072,2
70,1119,3
70,1256,2
70,1058,3
70,1296,3
70,1202,4
70,1155,3
70,1223,2
70,1236,3
71,1187,4
71,1058,2
71,1212,3
71,1097,3
71,1299,2
71,1102,4
71,1136,2
71,1088,4
71,1206,2
71,1084,4
71,1201,1
71,1066,4
71,1006,2
71,1140,2
71,1126,2
71,1112,4
71,1222,5
71,1119,3
71,1181,3
71,1290,3
71,1226,3
71,1035,2
71,106,3
71,1232,3
71,1060,4
71,1157,3
71,1195,3
71,1100,3
71,1188,3
71,1208,2
71,1297,3
71,1123,2
71,1029,3
71,1040,3
71,1277,2
71,1022,4
71,1018,2
71,1162,5
71,1233,3
71,1173,2
72,1217,3
72,1019,2
72,1088,3
72,1068,3
72,1109,3
72,1085,4
72,1010,3
72,1232,4
72,1125,2
72,1075,4
72,1231,4
72,1215,3
72,1051,4
72,1245,3
72,1012,2
72,1218,2
72,1174,3
72,1279,2
72,1240,2
72,1226,2
72,1244,3
72,1049,3
72,1067,2
72,1055,4
72,1170,5
72,1039,2
72,1096,3
72,1137,2
72,1084,4
72,1078,2
72,1252,2
72,1131,4
72,1280,2
72,1291,3
72,1100,3
72,1290,4
72,103,2
72,1261,3
72,1284,3
72,1205,2
73,1002,4
73,1098,3
73,1075,3
73,1190,2
73,1198,3
73,1137,3
73,1070,2
73,1053,3
73,1144,2
73,1243,4
73,1213,1
73,1150,3
73,1059,2
73,1175,3
73,1041,2
73,1180,4
73,1254,2
73,1094,1
73,1242,3
73,1220,3
73,1235,3
73,1129,4
73,1280,2
73,1299,2
73,1208,3
73,1038,1
73,1087,3
73,1214,3
73,1210,2
73,1039,2
73,1012,2
73,1166,2
73,1229,1
73,1106,3
73,1071,2
73,1245,5
73,1261,3
73,1260,2
73,1034,4
73,1140,4
74,1124,4
74,1046,2
74,1214,3
74,1265,2
74,1001,3
74,103,3
74,1194,4
74,1051,2
74,107,3
74,1079,4
74,1236,2
74,1227,1
74,1199,4
74,1241,2
74,1147,2
74,1176,3
74,1146,3
74,1036,3
74,1056,2
74,1061,3
74,108,2
74,1089,2
74,1049,3
74,1000,2
74,1088,2
74,1005,2
74,1099,2
74,1238,3
74,1066,4
74,1115,3
74,1215,2
74,1267,3
74,1229,1
74,1067,3
74,1234,2
74,1208,3
74,1003,3
74,1077,4
74,1070,4
74,1219,3
75,1110,2
75,1251,3
75,1104,3
75,1292,3
75,1165,3
75,1231,3
75,1059,2
75,1142,4
75,1191,3
75,1205,3
75,1176,4
75,1233,3
75,1074,2
75,1098,2
75,1136,3
75,1036,1
75,1239,2
75,1058,3
75,1080,4
75,1094,2
75,1072,3
75,1243,3
75,1043,3
75,1204,2
75,1244,3
75,1147,4
75,1112,3
75,1099,3
75,1277,3
75,1016,2
75,1001,3
75,1175,4
75,1125,2
75,1174,3
75,1073,2
75,1081,3
75,1249,2
75,1008,2
75,1024,5
75,1164,4
76,1216,4
76,1204,2
76,104,3
76,1117,2
76,1234,3
76,1166,2
76,1138,3
76,1250,3
76,1079,3
76,1035,3
76,1128,3
76,1182,2
76,1176,2
76,1069,3
76,1263,3
76,1207,2
76,1108,2
76,1062,2
76,1211,3
76,1203,3
76,1201,2
76,1226,2
76,1256,3
76,1177,3
76,1007,2
76,1218,4
76,1066,2
76,106,1
76,1027,2
76,1165,3
76,1153,5
76,1197,3
76,1076,2
76,1214,4
76,1023,2
76,1193,2
76,1010,3
76,1286,2
76,1021,2
76,1258,4
77,1147,3
77,1208,3
77,1250,3
77,1048,3
77,1022,2
77,1182,3
77,1124,2
77,1251,2
77,1173,3
77,1055,2
77,1016,2
77,1221,4
77,1144,3
77,1285,4
77,103,3
77,1224,3
77,1165,5
77,1112,2
77,1289,4
77,1281,4
77,1265,2
77,1296,2
77,1111,2
77,1171,2
77,1145,3
77,1137,3
77,1063,2
77,1185,3
77,1258,3
77,1118,2
77,1045,5
77,1159,3
77,1256,2
77,1290,3
77,1090,2
77,1176,3
77,1042,4
77,1067,3
77,1209,3
77,1202,2
78,1240,2
78,1006,3
78,1065,2
78,1064,2
78,1293,4
78,1207,3
78,1016,3
78,1148,3
78,1137,2
78,1102,2
78,1085,2
78,1242,3
78,102,2
78,1054,4
78,1272,3
78,1170,4
78,1026,3
78,1014,1
78,1205,2
78,1238,4
78,1285,2
78,1150,3
78,1281,2
78,1223,2
78,1164,4
78,1185,2
78,1235,4
78,1059,5
78,1062,3
78,1250,2
78,1227,3
78,1222,3
78,1221,2
78,1068,3
78,1158,2
78,1037,3
78,1201,2
78,1190,3
78,1111,4
78,1194,3
79,1187,5
79,1123,4
79,1038,2
79,1050,3
79,1042,2
79,1269,3
79,1078,3
79,1138,2
79,1065,5
79,1085,2
79,1122,4
79,1037,3
79,1070,3
79,1149,2
79,1200,3
79,1022,3
79,1158,2
79,1084,2
79,1005,4
79,1021,2
79,1144,4
79,1191,3
79,1155,2
79,1064,4
79,1203,4
79,1157,2
79,1124,4
79,1184,4
79,1053,3
79,1018,2
79,1095,3
79,1114,2
79,1297,3
79,1292,2
79,1113,2
79,1244,3
79,1252,2
79,1250,3
79,1189,4
79,1129,3
80,1253,4
80,1136,3
80,1015,4
80,1074,4
80,1265,3
80,1280,2
80,1027,2
80,1145,2
80,1037,3
80,1194,3
80,1054,2
80,1063,3
80,1276,3
80,1135,3
80,1213,4
80,1099,3
80,1250,4
80,1154,2
80,1167,3
80,1125,3
80,1223,3
80,1131,5
80,1117,2
80,1156,3
80,1166,2
80,1227,3
80,1298,2
80,1160,2
80,1000,2
80,1060,3
80,102,2
80,1235,4
80,103,2
80,105,2
80,1080,3
80,1203,4
80,1242,2
80,1193,5
80,1267,2
80,1033,2
81,1274,3
81,1091,3
81,1281,3
81,1081,4
81,1025,4
81,1293,2
81,1057,3
81,1124,3
81,1283,3
81,1108,3
81,1259,2
81,1132,2
81,1090,1
81,1003,3
81,1264,3
81,1121,2
81,1278,2
81,1224,3
81,102,3
81,1210,3
81,1018,2
81,1157,3
81,1213,3
81,1200,5
81,1054,3
81,1257,2
81,1230,2
81,1245,2
81,1177,2
81,1256,2
81,1014,3
81,1106,3
81,1016,3
81,1134,3
81,1207,4
81,1221,3
81,1153,3
81,103,3
81,1192,3
81,1163,3
82,1213,4
82,1025,4
82,1044,3
82,1020,3
82,1278,2
82,1018,3
82,1142,3
82,1187,3
82,1197,4
82,1041,2
82,1202,3
82,1111,3
82,1298,2
82,106,3
82,1224,4
82,1188,3
82,1229,3
82,1211,4
82,1043,1
82,1165,2
82,1005,3
82,1256,2
82,1160,3
82,1292,3
82,1090,5
82,1047,2
82,107,2
82,1296,3
82,1026,2
82,1295,1
82,1091,3
82,1285,2
82,1056,1
82,1252,2
82,1123,2
82,1173,2
82,1207,3
82,1238,4
82,1219,4
82,1087,2
83,1104,5
83,102,3
83,1106,3
83,1109,4
83,1230,4
83,1101,5
83,1114,2
83,1238,4
83,1161,4
83,1184,2
83,1097,4
83,1196,3
83,1086,4
83,104,2
83,1177,3
83,106,2
83,1029,3
83,1175,4
83,1007,3
83,1276,2
83,1050,2
83,1064,3
83,1140,1
83,1217,2
83,1091,3
83,1291,3
83,1176,2
83,1014,2
83,1093,1
83,1137,2
83,1081,2
83,1126,3
83,1165,4
83,1275,1
83,1117,3
83,1083,1
83,1092,3
83,1003,2
83,1082,3
83,1043,4
84,1025,2
84,1077,3
84,1252,2
84,1190,3
84,1183,2
84,1247,3
84,1257,2
84,1229,4
84,1083,3
84,1156,3
84,1261,2
84,1239,4
84,1245,4
84,1234,5
84,1129,2
84,1289,2
84,1197,3
84,1290,2
84,1010,3
84,1098,3
84,1104,3
84,1095,3
84,1223,3
84,1112,4
84,1194,3
84,1103,4
84,1148,2
84,1209,3
84,1185,3
84,1284,1
84,1072,4
84,1122,2
84,1273,2
84,1035,1
84,1060,3
84,1143,3
84,1219,4
84,1172,3
84,1109,2
84,1013,3
85,1288,3
85,107,4
85,1233,3
85,1254,2
85,1068,5
85,1195,4
85,1108,2
85,1099,3
85,1234,2
85,1111,2
85,1256,4
85,1292,2
85,1274,3
85,1231,3
85,1228,2
85,1166,2
85,1035,3
85,1152,3
85,1088,1
85,1211,3
85,1205,3
85,1216,3
85,1222,2
85,1277,3
85,1007,3
85,1183,3
85,1063,4
85,1287,3
85,1057,3
85,1148,2
85,105,4
85,1247,5
85,1173,3
85,1165,3
85,1107,2
85,1206,2
85,1209,3
85,1198,2
85,1267,3
85,1145,3
86,1266,4
86,1206,2
86,1236,1
86,1027,3
86,1191,4
86,1097,3
86,1058,1
86,1150,3
86,1213,3
86,1235,4
86,1073,4
86,1286,4
86,1292,3
86,1095,4
86,1249,3
86,1226,2
86,1133,4
86,104,4
86,1065,3
86,1220,2
86,1024,3
86,1196,4
86,1118,3
86,1261,4
86,1160,2
86,1283,4
86,1243,3
86,1227,3
86,1228,2
86,1012,4
86,1038,2
86,1139,3
86,1225,2
86,1169,3
86,1144,3
86,1192,3
86,1081,3
86,1204,3
86,1119,3
86,1083,2
87,1229,4
87,1240,3
87,1228,3
87,1026,2
87,1034,2
87,1272,3
87,1116,3
87,1216,3
87,1063,3
87,1233,2
87,1134,3
87,1074,3
87,1079,3
87,1001,4
87,1043,3
87,1082,3
87,1142,4
87,1055,3
87,1265,4
87,1192,3
87,1078,2
87,1031,3
87,106,3
87,1131,3
87,1070,1
87,1217,2
87,1175,3
87,1083,4
87,1102,2
87,1009,3
87,1264,4
87,1218,3
87,1016,2
87,1259,4
87,1044,4
87,1191,3
87,1149,3
87,1219,2
87,1018,3
87,1298,3
88,1146,3
88,1298,3
88,1247,4
88,1044,3
88,1266,2
88,1283,2
88,1079,2
88,1120,2
88,1040,2
88,1299,4
88,1158,4
88,1190,2
88,1060,3
88,1162,2
88,1081,2
88,1154,4
88,1238,3
88,1026,2
88,1163,3
88,1001,3
88,1291,4
88,1221,2
88,1187,3
88,1253,4
88,1111,2
88,1249,2
88,1292,3
88,107,3
88,1002,2
88,1055,3
88,1150,4
88,1113,2
88,1211,4
88,1116,3
88,1032,4
88,1022,3
88,1062,3
88,1183,3
88,1143,3
88,1095,3
89,1112,2
89,1251,3
89,1032,2
89,1210,3
89,1231,3
89,1151,3
89,1076,2
89,1093,3
89,1117,3
89,1209,3
89,1082,2
89,1119,2
89,1147,1
89,1138,3
89,1287,5
89,1221,3
89,1095,2
89,1131,3
89,1238,2
89,1176,2
89,1195,2
89,1185,3
89,1077,3
89,1233,2
89,1217,2
89,1208,2
89,1250,3
89,1213,3
89,1071,3
89,1002,2
89,1187,2
89,1034,2
89,1145,2
89,1296,2
89,1267,2
89,1070,1
89,1275,3
89,1081,2
89,1123,4
89,1186,3
90,1006,3
90,1067,2
90,1125,2
90,1225,3
90,1122,2
90,1118,4
90,1288,3
90,1074,3
90,107,2
90,1051,4
90,1039,3
90,1188,3
90,1195,3
90,1292,5
90,1033,2
90,1257,2
90,1088,3
90,1208,4
90,1076,3
90,1210,2
90,1121,3
90,1146,2
90,1248,3
90,1264,3
90,1187,3
90,1149,3
90,1202,3
90,1037,3
90,1047,3
90,1285,4
90,1168,3
90,1065,2
90,1129,2
90,1099,4
90,104,3
90,1078,2
90,1243,3
90,101,3
90,1041,3
90,1027,2
91,1258,1
91,1128,4
91,1240,5
91,1234,2
91,1164,3
91,1211,1
91,1181,4
91,1167,2
91,1153,3
91,1114,3
91,1176,2
91,1196,2
91,1185,4
91,1021,3
91,1174,3
91,1161,3
91,1043,3
91,102,5
91,1225,1
91,1197,2
91,1063,4
91,1005,5
91,1054,4
91,1263,3
91,1135,3
91,1119,3
91,1180,4
91,1223,2
91,1235,3
91,1255,3
91,1203,2
91,1088,2
91,1156,4
91,1000,4
91,1015,3
91,1158,2
91,1219,2
91,1111,3
91,1033,3
91,1170,2
92,1061,3
92,1265,1
92,1243,3
92,1038,4
92,1162,2
92,1106,2
92,1286,4
92,1299,3
92,1025,3
92,1167,4
92,1185,2
92,1187,3
92,1279,2
92,1215,2
92,1111,2
92,1124,3
92,1051,4
92,1140,2
92,1036,4
92,1049,3
92,1037,2
92,1166,2
92,1295,2
92,1088,4
92,1285,2
92,1180,2
92,1057,3
92,1152,3
92,1186,3
92,1287,2
92,101,3
92,1151,2
92,1023,3
92,1294,1
92,1266,3
92,1089,2
92,1190,4
92,1208,1
92,1155,3
92,1178,1
93,1192,4
93,1145,5
93,1073,3
93,1003,3
93,1272,3
93,1164,2
93,1208,2
93,1234,2
93,1170,2
93,1028,4
93,1262,4
93,1136,3
93,1091,2
93,1193,3
93,1041,4
93,1059,3
93,1157,2
93,1289,3
93,1019,3
93,1147,3
93,1226,3
93,1075,1
93,1287,2
93,1062,2
93,1218,2
93,1239,2
93,1141,4
93,1066,3
93,1099,2
93,1103,3
93,1092,2
93,105,2
93,1177,2
93,1286,2
93,1044,3
93,1067,3
93,1184,3
93,1210,2
93,1078,2
93,1020,4
94,1214,5
94,1144,4
94,1284,2
94,1056,3
94,1042,4
94,1158,4
94,1024,4
94,1267,2
94,1086,2
94,1199,2
94,1002,3
94,1193,3
94,1276,5
94,1266,1
94,1263,2
94,1242,2
94,1257,2
94,1291,2
94,1055,3
94,1098,4
94,1052,4
94,1084,3
94,1298,3
94,103,3
94,1220,2
94,1152,3
94,1054,3
94,1012,4
94,1057,2
94,1286,3
94,1097,4
94,1074,3
94,1036,5
94,1279,4
94,1123,3
94,1009,3
94,1035,5
94,1251,2
94,1178,3
94,1270,5
95,1129,2
95,1090,2
95,1182,3
95,1280,3
95,1253,2
95,1075,2
95,1206,3
95,1070,4
95,1153,2
95,1214,3
95,1186,2
95,1005,2
95,1118,2
95,1031,3
95,1130,3
95,1055,3
95,1264,3
95,1048,4
95,1272,2
95,1200,2
95,1025,4
95,1160,4
95,1037,3
95,1177,2
95,1162,3
95,1131,1
95,1066,2
95,1107,3
95,1132,2
95,106,2
95,1042,5
95,1185,4
95,1105,4
95,1045,4
95,1081,2
95,1261,3
95,1148,4
95,1293,2
95,1242,3
95,1040,4
96,1036,3
96,1148,3
96,1200,2
96,1152,3
96,1038,3
96,1032,3
96,1031,4
96,1114,4
96,1039,3
96,1076,1
96,1286,3
96,1021,2
96,1035,3
96,1138,3
96,1275,2
96,1244,3
96,106,2
96,1209,2
96,1252,4
96,1061,2
96,1237,4
96,1246,2
96,1255,4
96,1264,2
96,1055,5
96,1199,2
96,108,3
96,1089,3
96,104,2
96,1265,3
96,1168,3
96,1117,4
96,1262,2
96,1013,3
96,1221,3
96,1078,3
96,1260,3
96,1107,3
96,1081,3
96,1030,3
97,1241,2
97,104,4
97,1071,3
97,1120,3
97,1107,3
97,1232,3
97,1194,3
97,1183,4
97,1145,1
97,1178,2
97,1211,3
97,1085,4
97,1266,2
97,1129,5
97,1047,2
97,1216,2
97,1074,3
97,1063,5
97,1173,3
97,1214,2
97,103,4
97,1175,3
97,1093,3
97,1048,4
97,1089,4
97,1137,1
97,1012,3
97,1060,5
97,1207,3
97,1161,3
97,1008,4
97,1237,2
97,1128,3
97,1052,2
97,1242,5
97,1273,2
97,1245,3
97,1057,2
97,1158,3
97,1196,3
98,1090,3
98,1066,3
98,1210,3
98,1001,3
98,1094,3
98,1038,2
98,1018,4
98,1186,2
98,1200,3
98,1260,2
98,1148,2
98,1110,4
98,1105,3
98,1164,3
98,1237,3
98,1023,2
98,1253,4
98,1147,2
98,1048,1
98,1129,2
98,1178,2
98,1135,3
98,1171,2
98,1206,1
98,1118,4
98,1155,3
98,1016,3
98,1085,4
98,1012,4
98,101,2
98,1156,2
98,1100,3
98,1138,4
98,1233,3
98,1043,2
98,1212,4
98,1086,4
98,1121,1
98,1243,4
98,1163,2
99,1221,2
99,1052,2
99,1215,2
99,1026,5
99,1239,2
99,1206,4
99,1260,4
99,1249,3
99,1003,2
99,1077,3
99,1298,2
99,1132,1
99,1058,2
99,1140,4
99,1015,3
99,1281,2
99,1023,5
99,1089,4
99,1195,3
99,1245,3
99,1264,3
99,1254,2
99,1030,3
99,1076,3
99,1216,4
99,1252,2
99,1188,2
99,1279,3
99,1191,3
99,1197,2
99,1131,3
99,1097,3
99,1086,5
99,102,3
99,1073,3
99,1284,2
99,1103,3
99,1295,3
99,105,2
99,1225,1
100,1290,4
100,1046,2
100,1187,3
100,1123,3
100,1274,4
100,1097,3
100,1218,3
100,1104,3
100,1158,5
100,1129,3
100,1096,4
100,1289,2
100,1194,3
100,1071,3
100,1220,3
100,1110,3
100,1214,4
100,1180,2
100,1067,5
100,1237,2
100,1039,5
100,1245,3
100,1084,3
100,1227,3
100,1086,3
100,1082,4
100,1088,2
100,1283,2
100,1243,3
100,1136,3
100,1002,3
100,1150,4
100,1075,3
100,1193,2
100,1027,3
100,1065,4
100,1028,3
100,1210,4
100,1117,2
100,1224,2
101,1064,4
101,101,2
101,1106,4
101,1004,2
101,1108,5
101,1210,3
101,1189,3
101,1067,4
101,1172,2
101,1138,3
101,1107,4
101,1188,1
101,1049,4
101,1243,3
101,1078,2
101,1048,3
101,1044,4
101,1136,3
101,1174,3
101,1031,2
101,1162,3
101,1052,3
101,1176,2
101,1035,3
101,1014,2
101,1069,4
101,1083,3
101,1211,3
101,1263,2
101,1163,3
101,1299,2
101,1084,3
101,1209,2
101,1068,3
101,1146,3
101,1170,2
101,1045,3
101,1130,2
101,1247,2
101,1180,2
102,1104,3
102,1036,3
102,1112,5
102,1177,4
102,102,2
102,1096,4
102,1000,2
102,1277,3
102,1234,2
102,1060,3
102,1048,2
102,1022,3
102,1170,3
102,1176,4
102,1063,3
102,1142,3
102,1227,3
102,1065,3
102,1274,2
102,1207,2
102,1116,5
102,1099,4
102,1106,2
102,1020,3
102,1062,2
102,1052,4
102,1185,2
102,1005,3
102,1209,2
102,1182,3
102,1019,3
102,1046,2
102,1289,3
102,1029,3
102,1236,5
102,1296,3
102,1072,3
102,1007,3
102,1067,2
102,1179,4
103,1278,3
103,1031,3
103,1231,3
103,1236,2
103,1152,3
103,1199,3
103,1186,3
103,1076,3
103,1019,3
103,1182,3
103,1209,3
103,1091,2
103,1130,4
103,1047,3
103,1045,2
103,1177,3
103,1163,3
103,1006,3
103,1114,2
103,1136,3
103,1075,1
103,1269,2
103,1046,2
103,1025,3
103,1100,1
103,1297,3
103,106,5
103,1150,4
103,1088,3
103,1274,2
103,1095,2
103,1008,3
103,1115,3
103,1129,5
103,1035,2
103,1283,2
103,1281,2
103,1014,1
103,1280,2
103,1239,3
104,1165,4
104,1140,3
104,1176,3
104,1212,3
104,1012,3
104,1190,4
104,1114,2
104,1098,2
104,1030,2
104,1070,4
104,1282,2
104,1246,3
104,1041,2
104,108,3
104,1065,4
104,1150,2
104,1272,4
104,1036,3
104,1247,3
104,1040,3
104,1224,2
104,1152,2
104,1078,4
104,1143,3
104,1074,3
104,1026,3
104,1135,5
104,1287,2
104,1178,4
104,1172,2
104,1037,2
104,1028,3
104,1083,1
104,1227,2
104,1124,3
104,1234,3
104,1123,4
104,1218,3
104,1063,2
104,1055,3
105,1197,3
105,1160,3
105,1025,4
105,1154,3
105,1167,3
105,1240,2
105,1100,3
105,1235,2
105,1050,3
105,1134,3
105,1224,2
105,1011,3
105,1271,2
105,1071,3
105,1232,3
105,1066,3
105,1101,2
105,1155,4
105,1282,2
105,1008,3
105,1299,3
105,1186,2
105,1023,5
105,1177,4
105,1212,2
105,1234,2
105,1019,4
105,1003,2
105,1208,4
105,1130,2
105,1121,3
105,1082,4
105,1034,2
105,1064,3
105,1027,4
105,1132,3
105,1199,3
105,1033,2
105,1144,4
105,1223,2
106,1222,2
106,1056,2
106,1288,2
106,1041,3
106,1010,2
106,1103,2
106,1088,2
106,1207,3
106,1271,5
106,1077,2
106,1299,4
106,1185,2
106,1102,3
106,1170,4
106,1099,3
106,1089,2
106,1287,1
106,108,3
106,1181,3
106,1178,3
106,1000,2
106,1146,3
106,1149,4
106,1249,3
106,1055,2
106,1247,3
106,1225,2
106,1203,3
106,1202,3
106,1172,4
106,1269,4
106,1210,5
106,1259,3
106,1163,3
106,1050,3
106,1082,2
106,1226,2
106,1211,4
106,1183,2
106,1275,4
107,1137,3
107,1129,4
107,1127,3
107,1149,3
107,1204,4
107,1115,3
107,103,3
107,1008,3
107,108,1
107,1005,2
107,1070,2
107,1183,2
107,1257,2
107,1299,1
107,1154,2
107,1163,4
107,1079,3
107,1284,5
107,1212,3
107,1276,3
107,1192,3
107,1090,2
107,1193,3
107,1018,2
107,1287,4
107,1211,3
107,1057,3
107,1191,3
107,1080,4
107,1198,3
107,1256,3
107,1073,2
107,1215,3
107,1110,2
107,1042,4
107,1056,3
107,1250,3
107,1052,3
107,1125,4
107,1275,1
108,1098,3
108,1192,3
108,1043,2
108,1243,3
108,1003,2
108,1203,1
108,1029,2
108,1241,3
108,1031,3
108,1099,2
108,1206,2
108,1184,2
108,1152,3
108,1222,2
108,1074,2
108,1084,2
108,1144,3
108,106,3
108,1083,2
108,1282,1
108,1008,2
108,1052,4
108,1167,2
108,1169,3
108,1239,3
108,1299,5
108,1271,3
108,103,2
108,1073,3
108,1259,2
108,1122,3
108,1054,3
108,1090,2
108,1007,2
108,1266,2
108,1257,3
108,1254,2
108,1070,3
108,1102,3
108,1178,4
109,1009,3
109,1253,2
109,1121,5
109,1292,2
109,1201,3
109,1142,2
109,1263,2
109,1172,2
109,1195,2
109,1007,4
109,1050,3
109,1084,3
109,1157,2
109,1211,3
109,1087,2
109,1175,3
109,1117,2
109,1029,3
109,1102,2
109,1182,4
109,1066,4
109,1152,3
109,1054,3
109,105,3
109,1155,3
109,106,4
109,1160,4
109,1101,4
109,1230,4
109,1282,3
109,1156,2
109,1111,2
109,1279,3
109,1025,3
109,1189,5
109,1137,2
109,1100,2
109,1261,3
109,1103,2
109,1044,3
110,1152,3
110,1244,1
110,1016,4
110,1193,4
110,1144,2
110,1224,3
110,1054,2
110,1183,3
110,1044,2
110,1006,1
110,1106,2
110,106,3
110,1063,3
110,1045,3
110,1157,2
110,1215,3
110,1107,1
110,1079,3
110,1037,2
110,1089,2
110,1180,3
110,1267,3
110,103,3
110,1018,4
110,1124,3
110,1014,4
110,1048,3
110,1147,2
110,1030,3
110,1127,3
110,1160,2
110,1186,3
110,1130,4
110,1062,2
110,1290,2
110,1227,4
110,1053,3
110,1056,3
110,1155,3
110,1067,2
111,1178,2
111,1189,3
111,1223,4
111,1254,3
111,1095,3
111,1196,3
111,1088,4
111,1027,4
111,1134,2
111,1208,5
111,1076,2
111,1149,4
111,1287,3
111,1044,3
111,1067,3
111,1228,3
111,1046,3
111,1048,2
111,1115,3
111,1000,3
111,1227,3
111,1087,5
111,1128,2
111,1006,2
111,1235,3
111,1263,4
111,1172,3
111,1127,2
111,1052,2
111,1273,3
111,1035,3
111,1173,3
111,1212,3
111,1100,2
111,1069,3
111,1195,3
111,1249,3
111,1252,2
111,1162,2
111,1019,1
112,1114,3
112,1079,2
112,1153,3
112,1027,3
112,1077,3
112,1087,3
112,1162,2
112,1225,2
112,1064,3
112,107,1
112,1234,4
112,1211,4
112,1163,3
112,1002,3
112,1082,2
112,1127,2
112,1031,5
112,105,2
112,1296,2
112,1172,2
112,1290,2
112,101,3
112,1242,2
112,1118,1
112,1233,2
112,1048,3
112,1015,3
112,1000,4
112,1282,1
112,1140,1
112,1108,3
112,1260,2
112,1249,3
112,1067,2
112,1040,3
112,1043,2
112,1147,2
112,1223,4
112,1243,3
112,1171,2
113,1205,3
113,1133,2
113,1150,2
113,1089,3
113,1013,2
113,1288,5
113,1258,2
113,1167,3
113,1054,3
113,1213,3
113,1224,4
113,1282,5
113,1169,4
113,1139,3
113,1048,4
113,105,3
113,1247,2
113,1067,3
113,1230,3
113,1068,2
113,1259,1
113,1140,3
113,1277,3
113,1075,3
113,1147,2
113,1241,3
113,1025,2
113,1142,2
113,108,2
113,1012,3
113,1103,4
113,1136,2
113,1295,3
113,1055,3
113,1019,2
113,1242,3
113,1148,2
113,103,2
113,1212,3
113,1172,2
114,1215,3
114,1041,3
114,1062,2
114,1261,3
114,1218,3
114,1152,3
114,1249,2
114,1175,3
114,1231,4
114,1173,4
114,1210,3
114,1230,5
114,1207,3
114,1202,2
114,1228,3
114,1006,3
114,1278,3
114,1005,2
114,1037,2
114,1063,4
114,1146,3
114,1116,4
114,1289,2
114,1254,2
114,1183,4
114,1057,4
114,1270,3
114,1281,3
114,1142,3
114,1019,3
114,1193,3
114,1056,3
114,1198,3
114,104,3
114,1257,1
114,1227,4
114,1035,3
114,1020,1
114,1130,1
114,1046,2
115,1216,3
115,1055,2
115,1213,2
115,1066,3
115,1003,4
115,1086,2
115,1064,4
115,1115,2
115,1079,2
115,1253,4
115,1271,3
115,1094,3
115,1235,2
115,1237,2
115,1140,2
115,1043,2
115,1293,3
115,1244,3
115,1180,4
115,1132,4
115,1192,2
115,1189,4
115,1046,3
115,1229,2
115,1205,2
115,1209,3
115,1067,3
115,1006,3
115,1137,3
115,1226,2
115,1053,2
115,1280,3
115,1191,2
115,106,5
115,1289,3
115,1147,3
115,1009,4
115,1219,3
115,1013,3
115,1173,2
116,1041,2
116,1046,2
116,1247,3
116,1235,2
116,1157,3
116,1110,1
116,1113,2
116,1045,3
116,1081,2
116,1188,2
116,1207,3
116,1024,3
116,1023,3
116,1120,2
116,1050,1
116,1011,4
116,1029,2
116,1218,2
116,1183,2
116,1007,3
116,1156,2
116,1047,2
116,1222,3
116,1185,3
116,1060,2
116,1285,3
116,1276,4
116,1094,3
116,1092,2
116,1121,3
116,1243,3
116,1216,3
116,1138,4
116,1107,3
116,1095,4
116,1074,3
116,1214,2
116,1262,4
116,1090,4
116,1036,3
117,1139,3
117,1030,2
117,1265,5
117,1286,3
117,1115,2
117,1257,3
117,1248,3
117,1151,3
117,1196,3
117,1021,2
117,1271,3
117,1048,3
117,1290,3
117,1233,1
117,1126,1
117,1007,2
117,1008,2
117,1165,2
117,1207,4
117,1125,2
117,1094,3
117,1163,2
117,1022,3
117,1063,3
117,1096,3
117,1272,4
117,1160,4
117,1023,3
117,1112,2
117,1244,3
117,1029,4
117,1280,3
117,1010,3
117,1169,3
117,1028,4
117,1205,5
117,1298,4
117,1033,2
117,1274,1
117,1237,2
118,108,4
118,1119,2
118,1021,2
118,1031,4
118,1056,2
118,1216,4
118,1084,2
118,1136,1
118,1014,3
118,1152,4
118,1171,2
118,1117,3
118,1141,3
118,1058,2
118,1195,3
118,1237,2
118,1054,2
118,1120,2
118,1270,5
118,1097,4
118,1245,3
118,1174,2
118,1104,3
118,1219,4
118,1146,2
118,1179,3
118,1274,4
118,1261,4
118,1128,2
118,1155,4
118,1269,4
118,1249,3
118,1045,4
118,1019,2
118,1169,3
118,1202,2
118,1240,3
118,1135,2
118,1032,4
118,1096,3
119,1006,3
119,1166,3
119,1214,2
119,1210,3
119,1021,3
119,1047,4
119,1275,3
119,1190,3
119,1139,2
119,1265,3
119,1229,4
119,1209,2
119,1285,5
119,1282,4
119,1257,4
119,1125,2
119,1075,2
119,1187,4
119,1231,2
119,1113,3
119,1059,3
119,108,3
119,1135,3
119,1132,2
119,1035,3
119,1119,3
119,1269,3
119,1143,3
119,1164,3
119,1284,5
119,1194,2
119,1011,2
119,1177,4
119,1129,2
119,1120,3
119,107,3
119,1055,3
119,1149,2
119,1283,4
119,1156,2
120,1112,4
120,1171,4
120,1047,2
120,1031,2
120,1251,4
120,1219,3
120,1049,2
120,1253,2
120,1113,5
120,1096,2
120,1158,1
120,1284,2
120,1182,2
120,1204,2
120,1028,2
120,1210,2
120,1136,3
120,1065,2
120,1004,2
120,1159,2
120,1176,3
120,1163,2
120,1200,3
120,1183,3
120,1232,4
120,1142,2
120,1007,3
120,1074,1
120,1180,3
120,1014,3
120,1140,3
120,1068,2
120,1294,3
120,1005,3
120,1046,2
120,1100,3
120,1152,2
120,1252,3
120,1289,3
120,1168,3
121,1109,3
121,1221,2
121,1206,2
121,1283,3
121,1056,3
121,1267,2
121,1117,4
121,1200,2
121,1291,2
121,1062,3
121,1125,4
121,1138,2
121,1166,2
121,1152,2
121,1052,3
121,1033,3
121,1201,1
121,1207,3
121,1250,2
121,1067,4
121,1286,3
121,1245,4
121,1093,3
121,1084,1
121,1224,3
121,108,4
121,1077,3
121,1053,3
121,1126,3
121,1275,3
121,1232,2
121,1043,4
121,1009,4
121,1212,2
121,1004,5
121,1029,3
121,1059,3
121,1255,3
121,1263,1
121,1190,2
122,1288,4
122,1252,4
122,1210,3
122,1138,4
122,1157,3
122,1188,2
122,1155,2
122,1083,2
122,1065,3
122,1013,4
122,1099,3
122,1212,3
122,1257,4
122,1134,3
122,1286,2
122,1152,3
122,1042,4
122,1169,1
122,1137,4
122,1076,3
122,1052,3
122,1139,4
122,1132,4
122,1241,2
122,1216,2
122,1106,3
122,1078,4
122,1124,3
122,1046,2
122,1110,2
122,1064,2
122,1041,3
122,1097,3
122,1274,2
122,1006,4
122,1298,2
122,1012,4
122,1268,4
122,1267,2
122,1091,1
123,1010,3
123,105,2
123,1117,2
123,1062,2
123,1292,2
123,1184,2
123,1104,3
123,1092,4
123,1127,3
123,1232,2
123,1069,2
123,1240,3
123,1087,4
123,1246,3
123,1136,3
123,1059,4
123,1093,2
123,1037,3
123,1256,2
123,1101,3
123,102,3
123,1214,2
123,1026,5
123,1243,2
123,1277,2
123,1098,2
123,1083,4
123,1011,4
123,1206,4
123,1126,2
123,1186,2
123,1290,2
123,1112,2
123,1170,2
123,1239,3
123,1263,3
123,1084,4
123,1145,4
123,1110,2
123,1141,4
124,1015,3
124,1149,3
124,1221,3
124,1201,3
124,1105,3
124,1285,4
124,1077,3
124,1266,3
124,1097,4
124,1048,4
124,1160,2
124,1058,3
124,1268,2
124,1002,3
124,1186,3
124,1038,4
124,1162,2
124,1172,1
124,1275,4
124,1024,3
124,1017,3
124,1257,2
124,1099,4
124,1177,3
124,1093,4
124,1072,2
124,1194,2
124,1109,2
124,1140,2
124,1074,3
124,1183,3
124,1161,3
124,1203,3
124,1102,3
124,1119,2
124,107,2
124,1010,3
124,1261,3
124,1044,4
124,1248,2
125,1239,3
125,1137,2
125,1265,2
125,1251,3
125,1117,3
125,1187,3
125,1000,3
125,1246,2
125,1193,3
125,1182,3
125,1271,3
125,1047,3
125,1223,3
125,1106,4
125,1287,3
125,1004,3
125,1195,2
125,1110,2
125,1220,5
125,1181,1
125,1236,3
125,1280,4
125,1151,2
125,1162,3
125,1065,3
125,1034,3
125,1040,4
125,1279,2
125,1078,1
125,1098,3
125,1242,3
125,1295,3
125,1119,3
125,1064,3
125,1198,2
125,1234,3
125,1259,2
125,1282,4
125,1111,2
125,1022,4
126,1142,2
126,1130,3
126,1259,3
126,1157,3
126,1182,3
126,1280,2
126,1076,2
126,1064,2
126,1140,3
126,1096,1
126,1257,2
126,1120,2
126,1233,4
126,1228,3
126,1099,3
126,1161,3
126,1061,3
126,1260,3
126,1234,4
126,106,3
126,1154,2
126,1205,2
126,1083,1
126,1068,2
126,1232,3
126,1026,2
126,103,2
126,1151,2
126,1088,3
126,1094,2
126,1040,4
126,1267,3
126,1226,3
126,1023,4
126,1231,3
126,1296,4
126,1072,2
126,1171,4
126,1278,4
126,1107,3
127,1062,3
127,1253,3
127,1217,3
127,1209,2
127,1233,2
127,1159,3
127,1146,2
127,1248,3
127,1052,4
127,1115,2
127,1278,2
127,1193,2
127,1185,4
127,1189,5
127,1234,2
127,1173,2
127,1151,3
127,1259,2
127,1154,2
127,1263,3
127,1032,2
127,1101,3
127,1077,3
127,1134,2
127,1065,4
127,1215,2
127,1218,3
127,1242,5
127,1120,3
127,1053,2
127,1277,3
127,1214,3
127,1170,2
127,1083,2
127,1004,4
127,1179,2
127,1230,3
127,1169,2
127,1089,3
127,1187,3
128,1219,3
128,1023,2
128,1152,3
128,1041,2
128,1270,3
128,1134,4
128,1091,3
128,1000,2
128,1162,3
128,1154,3
128,1078,4
128,1292,2
128,1179,4
128,1256,3
128,108,2
128,1198,5
128,1205,4
128,1025,2
128,1090,3
128,1248,2
128,1067,3
128,1128,3
128,1034,2
128,1080,4
128,1014,3
128,1133,4
128,1093,3
128,1250,3
128,1201,3
128,102,4
128,1151,2
128,1132,4
128,1279,3
128,1171,3
128,1052,2
128,1166,3
128,1230,1
128,1282,2
128,1036,2
128,1281,2
129,1291,2
129,1189,2
129,1071,4
129,1267,3
129,1283,2
129,1099,3
129,1214,4
129,1169,3
129,1139,2
129,1098,3
129,1167,2
129,1249,3
129,1274,3
129,1129,2
129,1038,2
129,1254,3
129,1124,2
129,1103,3
129,1231,4
129,1125,2
129,1008,3
129,1051,1
129,1256,2
129,1087,4
129,1235,3
129,1063,2
129,1292,2
129,1157,3
129,1182,1
129,1280,2
129,1185,4
129,1293,1
129,1009,3
129,1045,2
129,1175,3
129,105,2
129,1073,3
129,1207,4
129,1163,4
129,1164,2
130,1150,3
130,1064,3
130,1169,2
130,1226,3
130,1194,3
130,1076,3
130,1227,2
130,101,2
130,1067,2
130,1094,3
130,1080,4
130,1146,3
130,1149,3
130,1033,4
130,1086,3
130,1112,4
130,1096,5
130,1215,4
130,1038,4
130,1117,3
130,1070,3
130,1276,4
130,1183,3
130,103,3
130,1236,3
130,1073,3
130,1168,3
130,1043,3
130,1233,2
130,1273,5
130,1193,2
130,1100,3
130,1184,3
130,1229,2
130,1116,3
130,1041,3
130,1190,3
130,1057,3
130,1154,3
130,1060,4
131,1199,3
131,107,3
131,1074,2
131,1155,3
131,1057,2
131,1286,3
131,1251,2
131,1188,3
131,1224,4
131,106,2
131,1240,3
131,1197,3
131,1208,3
131,1019,3
131,1147,2
131,1209,2
131,1124,2
131,1051,3
131,1222,4
131,1249,2
131,1182,3
131,1234,3
131,1163,4
131,1265,2
131,1178,2
131,1049,4
131,1083,4
131,1264,2
131,1032,3
131,1068,4
131,104,3
131,1164,3
131,1294,2
131,1093,3
131,1255,3
131,1214,3
131,1016,3
131,1229,5
131,1136,2
131,1012,2
132,1187,2
132,1254,3
132,1032,3
132,1164,2
132,1146,3
132,1208,3
132,1197,2
132,1003,2
132,1086,2
132,1123,2
132,1213,2
132,1051,3
132,1090,2
132,1284,3
132,1125,2
132,1147,2
132,1255,2
132,1268,2
132,1116,4
132,1017,4
132,1183,3
132,1285,3
132,1234,3
132,1102,3
132,1215,3
132,1132,3
132,1087,2
132,1133,3
132,1248,2
132,1015,2
132,1196,1
132,1084,3
132,1137,3
132,1131,3
132,103,2
132,1200,2
132,1098,3
132,1001,2
132,1204,2
132,1058,4
133,1291,3
133,1077,2
133,1172,2
133,1281,3
133,1212,1
133,1204,3
133,1003,4
133,1137,4
133,1276,2
133,1243,4
133,1112,2
133,1184,4
133,1267,3
133,1059,2
133,1185,3
133,1055,1
133,1041,2
133,1194,3
133,1103,2
133,1100,2
133,1048,1
133,1284,1
133,1140,2
133,1083,2
133,1073,3
133,1197,2
133,1273,3
133,1201,3
133,1206,2
133,1298,3
133,1134,2
133,1155,4
133,1177,4
133,1046,2
133,1154,2
133,1249,3
133,1266,3
133,1264,2
133,1192,2
133,1107,3
134,1081,2
134,1233,3
134,1094,2
134,1157,3
134,1059,2
134,1142,3
134,1025,3
134,1007,3
134,1097,3
134,1287,2
134,1228,3
134,1227,3
134,1117,2
134,1219,3
134,1115,3
134,1082,2
134,1248,3
134,1048,3
134,1161,3
134,1073,4
134,1027,3
134,104,2
134,1008,3
134,1200,3
134,1258,4
134,1232,3
134,1189,3
134,1028,2
134,1205,2
134,1125,3
134,1267,3
134,1053,2
134,1265,2
134,1004,3
134,1216,2
134,1238,3
134,1022,2
134,1141,4
134,1195,4
134,1012,4
135,1235,3
135,1217,3
135,1142,5
135,1071,3
135,1057,2
135,1067,2
135,1141,5
135,1188,3
135,1123,2
135,1108,2
135,1006,3
135,1100,3
135,1290,3
135,1147,3
135,1291,3
135,107,2
135,1124,3
135,1178,3
135,1252,1
135,1256,1
135,1199,2
135,1236,2
135,1079,4
135,1168,3
135,1292,2
135,1248,2
135,1152,3
135,1259,2
135,1183,2
135,1185,2
135,1240,3
135,1078,2
135,1260,5
135,1238,2
135,1081,4
135,1239,3
135,1186,3
135,108,4
135,1025,4
135,1167,4
136,1089,2
136,1024,2
136,1059,3
136,1259,3
136,1147,2
136,1023,2
136,1098,3
136,1108,4
136,1116,3
136,1291,3
136,1289,2
136,1236,2
136,1229,1
136,1042,3
136,1266,3
136,1018,2
136,1155,4
136,1029,4
136,1092,3
136,1051,3
136,1218,4
136,1034,4
136,1235,2
136,1093,5
136,1043,2
136,1269,3
136,1293,2
136,1102,2
136,1298,3
136,1241,1
136,1145,3
136,1283,3
136,105,2
136,1212,4
136,1049,3
136,1091,4
136,1225,2
136,101,2
136,1120,3
136,1200,3
137,1194,3
137,1079,2
137,1072,2
137,1158,3
137,1256,3
137,1234,3
137,1296,3
137,1205,2
137,1129,3
137,1109,4
137,1126,2
137,1233,3
137,1147,2
137,1181,3
137,1066,3
137,1148,3
137,1162,4
137,1173,2
137,1153,3
137,1222,4
137,1149,3
137,1209,2
137,1280,4
137,1193,3
137,103,2
137,1198,3
137,1020,3
137,1201,2
137,1063,3
137,1225,4
137,1132,3
137,1001,3
137,1095,2
137,1098,3
137,1123,3
137,1142,4
137,1183,3
137,1004,3
137,1156,3
137,1210,3
138,1125,2
138,1277,2
138,1263,2
138,1141,2
138,1003,4
138,1063,2
138,1026,1
138,1152,3
138,1176,4
138,1220,2
138,1101,3
138,1086,2
138,1156,4
138,1231,4
138,1108,3
138,1227,2
138,1177,4
138,1162,4
138,1093,3
138,1124,2
138,1122,3
138,1053,4
138,1202,2
138,1210,2
138,1194,2
138,1241,2
138,1016,3
138,1262,2
138,1022,3
138,1254,3
138,1183,4
138,1000,3
138,1281,3
138,1215,3
138,1008,2
138,1250,3
138,1159,3
138,1267,3
138,1243,2
138,1136,4
139,1094,3
139,1286,3
139,1173,3
139,1287,2
139,1070,3
139,1088,4
139,1067,4
139,1097,2
139,1149,3
139,1084,2
139,1043,2
139,1005,4
139,1265,2
139,1012,2
139,1057,3
139,1268,4
139,1170,3
139,1027,2
139,1159,2
139,1153,3
139,1109,2
139,1098,3
139,1095,3
139,1147,2
139,1075,3
139,1209,3
139,1130,4
139,1111,2
139,1103,1
139,1062,4
139,1217,2
139,1055,5
139,1184,5
139,1219,4
139,1186,4
139,1017,3
139,1220,4
139,1216,3
139,1196,3
139,1093,2
140,1064,3
140,1119,3
140,1082,2
140,1281,2
140,105,3
140,1057,3
140,1257,4
140,1071,4
140,1063,3
140,1232,3
140,1011,2
140,1023,3
140,1297,3
140,1099,2
140,1142,3
140,1182,4
140,1204,3
140,1072,3
140,1206,2
140,1080,3
140,1081,3
140,1069,3
140,1084,2
140,1178,3
140,1048,2
140,1075,3
140,1007,2
140,1246,1
140,1096,3
140,1148,3
140,1198,5
140,1183,4
140,1127,3
140,1156,3
140,1006,3
140,1005,3
140,1161,3
140,1009,2
140,1065,3
140,1200,3
141,1146,3
141,1160,2
141,1228,2
141,1294,4
141,1258,3
141,1256,3
141,1287,3
141,1128,2
141,1059,2
141,1159,3
141,1208,5
141,1183,2
141,1066,2
141,1288,4
141,1009,2
141,1189,3
141,1016,2
141,1093,2
141,1085,5
141,108,2
141,1065,3
141,1113,3
141,1074,3
141,1195,3
141,1157,2
141,106,3
141,1284,4
141,1238,3
141,1239,3
141,1168,2
141,1088,4
141,1199,2
141,1223,3
141,1101,2
141,1224,3
141,1126,2
141,1271,3
141,1217,4
141,1052,1
141,1135,2
142,1280,3
142,1263,3
142,1260,3
142,1016,1
142,1264,3
142,1177,2
142,1268,3
142,1109,2
142,1077,2
142,1183,3
142,1073,3
142,1043,2
142,1076,3
142,1107,2
142,1069,3
142,1209,3
142,1095,4
142,1134,1
142,1017,3
142,1197,4
142,1143,2
142,1191,2
142,1259,3
142,1207,3
142,1235,3
142,1231,3
142,1156,3
142,1061,2
142,1145,2
142,101,2
142,1030,4
142,1120,3
142,1276,4
142,1151,4
142,1098,5
142,1296,2
142,1026,2
142,1022,3
142,1202,4
142,1063,2
143,1122,3
143,1049,3
143,1230,3
143,1210,3
143,1291,3
143,1078,2
143,1241,3
143,1141,3
143,1107,4
143,1259,2
143,1044,3
143,1037,2
143,1298,2
143,1177,2
143,1115,2
143,1245,2
143,1213,3
143,1207,3
143,1021,1
143,1045,4
143,1135,3
143,1133,3
143,1120,3
143,1252,2
143,1160,3
143,1206,4
143,1174,3
143,1034,3
143,107,2
143,1043,3
143,1240,2
143,1116,3
143,1105,4
143,1294,3
143,1214,4
143,1128,2
143,1279,2
143,1281,3
143,1184,4
143,1257,2
144,1016,1
144,1158,2
144,1226,3
144,1126,2
144,1074,3
144,1099,2
144,1277,2
144,1272,3
144,1156,3
144,1197,3
144,1170,3
144,1080,2
144,1247,2
144,1037,3
144,1162,2
144,1172,3
144,1267,1
144,1108,3
144,1154,4
144,1148,3
144,1043,3
144,1038,1
144,1199,3
144,1152,3
144,1246,5
144,1087,4
144,1187,3
144,1095,3
144,1127,2
144,1240,2
144,1171,4
144,1164,3
144,1216,4
144,1177,2
144,1073,3
144,1078,3
144,1157,2
144,1000,2
144,1049,3
144,1089,3
145,1002,4
145,1239,2
145,1216,2
145,1204,4
145,1276,2
145,1274,3
145,1282,3
145,1090,2
145,1203,3
145,1087,2
145,1257,2
145,1289,3
145,1196,3
145,1286,3
145,1190,2
145,1125,4
145,1178,2
145,1126,5
145,1212,2
145,1181,4
145,1112,3
145,1155,2
145,1268,3
145,1174,2
145,1031,3
145,1060,3
145,1156,2
145,1118,3
145,1267,3
145,1288,4
145,1057,2
145,1041,3
145,1251,3
145,1235,2
145,1266,2
145,1152,3
145,1045,3
145,1108,2
145,1170,4
145,1275,2
146,1019,4
146,1175,4
146,1292,3
146,1053,2
146,1028,3
146,1024,2
146,1263,4
146,1203,3
146,1074,4
146,1091,2
146,1119,2
146,1299,3
146,1083,3
146,1084,2
146,1007,3
146,1245,3
146,1161,4
146,1037,3
146,1040,1
146,1198,3
146,1285,3
146,1190,4
146,1200,2
146,1187,2
146,1234,3
146,1062,3
146,1167,3
146,1085,2
146,1041,2
146,1151,2
146,1173,3
146,1082,2
146,1212,3
146,1121,2
146,1247,4
146,1038,3
146,1086,3
146,1125,3
146,1197,2
146,1094,2
147,1053,2
147,1151,2
147,1141,4
147,1047,2
147,1170,2
147,1084,4
147,1294,3
147,1257,3
147,1077,2
147,1043,2
147,1246,3
147,1090,3
147,1071,2
147,1164,3
147,1224,2
147,1272,3
147,1191,1
147,1221,3
147,1051,2
147,1275,4
147,1025,5
147,1165,3
147,1118,3
147,1179,3
147,1064,3
147,1114,2
147,1243,3
147,1088,4
147,1198,2
147,1013,3
147,1175,4
147,1022,4
147,1237,2
147,1042,3
147,1258,2
147,1038,2
147,1156,2
147,1261,4
147,1280,2
147,1286,3
148,1252,3
148,1181,4
148,1014,3
148,1101,2
148,1042,2
148,1226,2
148,1087,2
148,1105,3
148,1155,3
148,1029,3
148,1096,4
148,1245,4
148,1097,5
148,1284,4
148,108,3
148,1015,3
148,1187,2
148,1051,4
148,1140,2
148,103,4
148,1115,3
148,1161,2
148,1082,2
148,1191,2
148,1108,2
148,1182,2
148,1197,3
148,1071,3
148,1064,4
148,1298,2
148,1118,2
148,1124,2
148,1208,4
148,1150,5
148,1131,2
148,1201,3
148,106,3
148,1204,4
148,1203,3
148,1185,3
149,1026,3
149,1115,3
149,1215,2
149,1181,3
149,1216,3
149,1065,3
149,1218,3
149,1297,3
149,1013,2
149,1249,3
149,1088,4
149,1099,3
149,1154,2
149,1014,2
149,1283,5
149,108,3
149,1070,2
149,1166,4
149,1120,3
149,1081,2
149,1171,3
149,1228,4
149,1094,4
149,1020,3
149,1192,2
149,1186,3
149,1141,2
149,1250,4
149,1024,2
149,1107,5
149,1086,3
149,1091,3
149,1163,4
149,1004,4
149,1217,2
149,1027,2
149,1117,3
149,1262,3
149,1139,3
149,1277,3
150,1138,2
150,1081,2
150,1190,3
150,1123,3
150,1074,2
150,1180,2
150,1002,3
150,1213,2
150,1145,2
150,1065,2
150,1013,3
150,1227,3
150,1202,3
150,1269,4
150,1108,2
150,1197,2
150,1056,3
150,1172,4
150,1098,2
150,1199,3
150,1207,2
150,1205,3
150,1223,2
150,1219,2
150,1229,2
150,1178,4
150,1164,3
150,1158,3
150,1196,1
150,1060,3
150,1263,4
150,1097,4
150,1117,3
150,1103,4
150,1089,2
150,1283,2
150,1091,3
150,1272,2
150,1201,3
150,1183,2
151,105,3
151,1019,3
151,1161,3
151,1038,3
151,1152,3
151,1174,1
151,1095,2
151,1069,4
151,1101,4
151,1149,2
151,1025,4
151,1177,2
151,1153,4
151,1290,1
151,1220,3
151,1235,2
151,1165,3
151,1081,3
151,1140,2
151,1147,3
151,1043,4
151,1279,2
151,1073,2
151,1075,1
151,1204,2
151,1052,4
151,1264,3
151,1201,2
151,1274,2
151,1232,2
151,1135,4
151,1119,3
151,1050,3
151,1067,4
151,1219,3
151,1041,3
151,1012,3
151,1061,4
151,1187,4
151,1234,2
152,1077,4
152,1018,5
152,1114,2
152,1148,2
152,1126,4
152,1221,2
152,1213,3
152,1164,2
152,1012,5
152,1131,4
152,1226,3
152,1033,3
152,1162,3
152,1274,3
152,1008,3
152,1058,3
152,106,3
152,1285,3
152,1001,3
152,1146,2
152,1186,3
152,1094,2
152,1232,1
152,1190,3
152,1010,5
152,1130,4
152,1184,2
152,1163,3
152,1179,2
152,1254,4
152,1209,3
152,1200,4
152,1167,3
152,1059,3
152,1169,2
152,1125,2
152,1090,2
152,1242,3
152,1136,4
152,1128,3
153,1190,3
153,1156,3
153,1263,4
153,1090,2
153,1235,3
153,1093,2
153,1245,2
153,1087,3
153,1232,1
153,1139,3
153,1295,2
153,1023,4
153,1218,3
153,1086,2
153,1251,2
153,104,2
153,1032,4
153,1082,4
153,1126,2
153,1065,2
153,1269,3
153,1286,3
153,1088,3
153,1055,3
153,1030,2
153,1108,3
153,1075,2
153,1194,2
153,1143,4
153,1299,3
153,1203,3
153,1138,3
153,1103,2
153,1210,3
153,1120,3
153,1168,2
153,1115,3
153,1136,2
153,1074,3
153,1025,5
154,1189,2
154,1206,2
154,1004,2
154,1063,2
154,1154,4
154,1187,3
154,1068,3
154,1196,2
154,1179,2
154,108,3
154,1214,3
154,1080,2
154,1069,2
154,1295,2
154,1086,2
154,1103,3
154,1040,3
154,1000,3
154,1192,2
154,1233,2
154,1130,3
154,1164,3
154,1093,4
154,1003,5
154,1246,2
154,1073,1
154,1147,3
154,1273,3
154,1134,3
154,1108,2
154,1089,2
154,1241,3
154,1247,3
154,1213,3
154,1022,4
154,1172,2
154,1046,3
154,1026,2
154,1157,5
154,1236,2
155,1113,3
155,1119,2
155,1242,3
155,1280,4
155,1232,2
155,1001,3
155,1152,3
155,1253,2
155,1040,5
155,1188,2
155,1067,3
155,1156,2
155,1033,3
155,1262,3
155,1243,3
155,1228,4
155,1128,3
155,1026,3
155,1222,2
155,1191,3
155,1090,3
155,1133,3
155,1065,2
155,1178,2
155,1022,3
155,1234,2
155,1118,2
155,1106,4
155,102,2
155,1159,2
155,1174,3
155,1239,3
155,1279,3
155,1066,2
155,1131,3
155,1155,2
155,1240,2
155,1266,3
155,1094,2
155,1088,2
156,1214,2
156,1157,3
156,1194,3
156,1083,2
156,1159,3
156,1009,4
156,1136,2
156,1281,2
156,1283,3
156,1012,3
156,1253,3
156,1020,3
156,1059,4
156,1246,3
156,1024,4
156,1026,3
156,1063,2
156,1069,3
156,1044,3
156,1259,2
156,1075,3
156,1112,3
156,1039,3
156,1176,3
156,1174,4
156,1165,2
156,1033,3
156,1203,2
156,1167,2
156,1027,3
156,1244,2
156,1197,2
156,1271,2
156,1023,4
156,1260,3
156,1205,3
156,1071,1
156,1272,2
156,1037,3
156,1098,2
157,1276,4
157,1183,4
157,1253,3
157,1190,2
157,1073,4
157,1095,3
157,1123,3
157,1163,4
157,1092,3
157,1159,2
157,1125,3
157,1193,3
157,1053,2
157,1138,4
157,1223,3
157,1006,3
157,1220,2
157,1254,2
157,1199,3
157,1096,2
157,1086,4
157,1049,1
157,1013,3
157,1046,2
157,1097,3
157,1094,4
157,1283,3
157,1144,3
157,1101,3
157,1295,3
157,1147,1
157,1176,3
157,1229,3
157,1019,3
157,1109,4
157,1282,3
157,1121,4
157,1103,3
157,1004,4
157,1150,4
158,1096,2
158,1053,2
158,1007,3
158,1235,2
158,1081,3
158,108,2
158,1049,3
158,1036,3
158,1112,3
158,1225,2
158,1288,2
158,1277,3
158,1131,4
158,1130,3
158,1003,2
158,1280,3
158,1237,2
158,1024,3
158,1070,3
158,1102,4
158,1025,3
158,1195,3
158,1185,2
158,1011,3
158,1246,2
158,1213,2
158,1230,3
158,1203,2
158,107,2
158,1287,3
158,1014,5
158,1135,3
158,1136,3
158,1095,3
158,1128,2
158,1004,1
158,1088,2
158,1221,4
158,101,3
158,1214,2
159,1166,3
159,1268,3
159,1073,4
159,1285,2
159,1063,3
159,1097,4
159,1194,2
159,1033,3
159,1206,3
159,1049,1
159,1248,3
159,1270,3
159,1013,2
159,1258,3
159,1045,3
159,1286,2
159,103,3
159,1122,3
159,1273,4
159,1076,4
159,1108,3
159,1163,2
159,1242,2
159,1051,2
159,1158,2
159,1183,3
159,1272,2
159,1259,2
159,1193,2
159,1104,2
159,1287,2
159,1171,1
159,1200,3
159,1046,3
159,1107,3
159,1224,3
159,1071,3
159,1088,3
159,101,3
159,1250,2
160,1292,2
160,1171,2
160,1243,2
160,1005,2
160,1186,1
160,1011,3
160,1241,2
160,1036,4
160,1235,2
160,1121,3
160,1270,4
160,1039,4
160,1034,4
160,1117,3
160,1040,2
160,1224,3
160,1164,3
160,1115,2
160,1232,3
160,1009,2
160,1157,4
160,1150,4
160,1274,3
160,1223,3
160,1102,3
160,1202,2
160,106,2
160,1057,3
160,1295,3
160,1006,2
160,1251,3
160,1219,5
160,1027,3
160,1249,2
160,1084,3
160,1229,3
160,1132,2
160,1281,2
160,1190,2
160,1266,2
161,1270,2
161,1046,3
161,1206,2
161,1234,3
161,1009,3
161,1134,3
161,1215,2
161,1277,3
161,1208,2
161,1026,4
161,1025,2
161,1036,3
161,1126,2
161,1175,3
161,1235,2
161,1197,2
161,1251,3
161,1116,3
161,1062,2
161,1053,2
161,1004,3
161,1074,3
161,1284,3
161,1087,2
161,1092,4
161,1220,5
161,1271,1
161,1183,3
161,1236,3
161,1086,3
161,1290,2
161,1203,2
161,1051,2
161,1278,1
161,1012,3
161,1110,3
161,1095,3
161,1067,3
161,1145,2
161,1060,4
162,1090,3
162,1183,1
162,1192,2
162,1222,2
162,1107,2
162,1057,3
162,1237,4
162,1252,3
162,1200,2
162,1072,4
162,1115,4
162,1298,3
162,1258,2
162,1139,3
162,1246,2
162,1030,3
162,1213,2
162,1299,5
162,1007,3
162,1205,2
162,1025,2
162,1279,3
162,1035,3
162,1066,2
162,1012,2
162,1181,3
162,1134,2
162,1193,3
162,1135,3
162,1229,1
162,1166,3
162,1147,3
162,1266,2
162,1159,3
162,1149,2
162,1232,4
162,1253,2
162,1241,3
162,1189,2
162,1293,4
163,1141,3
163,1118,3
163,1097,3
163,1298,3
163,1164,2
163,1085,3
163,1246,5
163,1183,4
163,1117,2
163,1192,3
163,1239,2
163,1130,4
163,1282,3
163,1227,2
163,1267,3
163,1166,4
163,1066,4
163,1122,4
163,1028,2
163,1121,5
163,1055,2
163,1184,4
163,1273,3
163,1193,3
163,102,3
163,1026,2
163,1088,1
163,1245,3
163,1224,3
163,1290,3
163,1133,3
163,1253,3
163,1207,3
163,1093,1
163,1128,5
163,1018,3
163,1210,3
163,1242,4
163,1296,2
163,1047,1
164,1130,4
164,1240,3
164,1055,2
164,1040,2
164,1118,2
164,1200,2
164,1105,2
164,1115,2
164,1227,2
164,1076,3
164,1080,3
164,1104,2
164,1135,4
164,1046,3
164,102,3
164,1114,3
164,1149,3
164,1214,3
164,1288,2
164,1299,3
164,1189,3
164,1220,2
164,1101,2
164,1110,2
164,1043,3
164,1033,2
164,1201,2
164,1219,3
164,1218,2
164,1068,3
164,1188,3
164,1186,2
164,1003,2
164,1269,3
164,1131,3
164,1097,4
164,1243,2
164,1215,3
164,1260,3
164,1167,2
165,1298,3
165,1263,4
165,1092,3
165,1010,2
165,1187,3
165,1178,4
165,1016,3
165,1109,2
165,1038,3
165,1073,4
165,1039,3
165,1275,3
165,1017,3
165,1120,2
165,1032,2
165,1260,4
165,1122,3
165,1223,2
165,1068,3
165,1142,4
165,1064,3
165,1215,3
165,1134,4
165,1087,3
165,1201,3
165,1151,3
165,1077,3
165,1258,3
165,1026,4
165,1110,3
165,1018,2
165,1285,2
165,1082,4
165,1139,3
165,1272,3
165,1232,3
165,1208,4
165,1112,2
165,1000,2
165,1031,3
166,1198,3
166,1260,3
166,1230,2
166,1258,3
166,1173,2
166,1287,3
166,1199,3
166,1120,3
166,1200,2
166,1077,3
166,1249,4
166,1247,2
166,1056,3
166,1010,2
166,1097,4
166,1029,3
166,1299,2
166,1180,3
166,1144,2
166,1051,3
166,1203,2
166,1187,3
166,1184,1
166,1145,3
166,1183,3
166,1004,2
166,1153,4
166,1241,3
166,1093,4
166,1000,2
166,1102,3
166,1214,4
166,1067,2
166,1222,2
166,1294,3
166,1063,3
166,1146,3
166,1194,2
166,1117,2
166,1064,3
167,1227,4
167,1169,3
167,1159,2
167,1137,3
167,1180,3
167,1018,2
167,1256,3
167,1291,2
167,1055,3
167,1216,3
167,1241,3
167,1213,2
167,1255,3
167,1010,2
167,1272,2
167,1281,3
167,1251,2
167,1026,2
167,1070,2
167,1185,3
167,1161,4
167,1217,3
167,1128,4
167,1065,2
167,1064,1
167,1092,2
167,1039,2
167,1188,2
167,1133,3
167,1193,3
167,1104,3
167,1013,2
167,1014,2
167,1147,3
167,107,1
167,1060,2
167,1091,3
167,1206,3
167,1283,3
167,1205,3
168,1252,3
168,1145,4
168,1247,1
168,1199,3
168,1018,2
168,1294,3
168,1123,3
168,1046,2
168,1067,2
168,1276,2
168,1106,3
168,1104,3
168,1119,4
168,1229,3
168,1070,3
168,1042,3
168,1269,3
168,1250,3
168,1177,4
168,1203,3
168,1196,4
168,1206,2
168,1282,1
168,1161,2
168,1033,3
168,1116,4
168,1075,4
168,1238,5
168,1025,2
168,1152,4
168,1021,3
168,1215,2
168,1213,2
168,1204,2
168,1234,4
168,1007,2
168,1162,4
168,1181,3
168,1052,5
168,1149,3
169,1090,3
169,1079,3
169,1192,3
169,1243,4
169,1047,2
169,1128,4
169,1295,3
169,1141,3
169,1261,2
169,1028,2
169,1137,2
169,1062,3
169,1025,3
169,1228,4
169,1125,4
169,1072,2
169,1255,1
169,1041,2
169,1246,4
169,1106,3
169,1008,4
169,1193,3
169,1165,3
169,1075,3
169,1234,4
169,1223,3
169,1175,2
169,1252,3
169,1148,2
169,1142,3
169,1197,2
169,1206,4
169,1112,2
169,1150,3
169,1159,2
169,1099,4
169,1115,2
169,1068,4
169,1071,3
169,1010,2
170,1086,3
170,104,2
170,1076,3
170,1120,4
170,1204,3
170,1039,3
170,1241,3
170,1163,3
170,1067,3
170,1013,4
170,1063,3
170,1114,2
170,1254,3
170,1245,3
170,1134,3
170,1095,2
170,1084,3
170,1205,3
170,1011,4
170,105,4
170,1176,3
170,1167,2
170,1182,3
170,1164,2
170,102,2
170,1045,3
170,1239,3
170,1248,3
170,1100,3
170,1162,2
170,1250,4
170,1132,4
170,1263,3
170,1192,5
170,1262,1
170,1294,2
170,1092,3
170,1214,3
170,1012,4
170,1224,2
171,1148,4
171,1299,3
171,1018,4
171,1246,3
171,1289,3
171,1101,2
171,1265,4
171,1274,1
171,1139,2
171,1051,3
171,1112,3
171,1191,3
171,1279,1
171,1160,2
171,1082,3
171,1271,2
171,1094,2
171,108,3
171,1211,3
171,1032,2
171,1117,3
171,1237,3
171,1002,3
171,1042,2
171,1058,2
171,1124,3
171,1078,3
171,1141,3
171,1123,3
171,1204,4
171,1074,3
171,1210,3
171,1096,3
171,1075,3
171,1177,2
171,1041,2
171,1150,3
171,1269,3
171,1272,4
171,1027,4
172,1213,5
172,1045,3
172,1254,3
172,1198,3
172,1100,2
172,1077,3
172,1089,4
172,1239,3
172,1292,2
172,1026,3
172,1108,3
172,1245,2
172,1277,4
172,1226,3
172,1190,3
172,1156,5
172,1180,3
172,1093,4
172,1013,2
172,1010,3
172,1223,3
172,1088,3
172,102,3
172,1284,3
172,1173,3
172,1000,3
172,1182,3
172,1165,3
172,1204,4
172,104,2
172,1153,3
172,1229,2
172,1035,4
172,1060,2
172,1041,3
172,1296,2
172,1258,3
172,1279,4
172,1051,2
172,1295,4
173,1085,3
173,1287,5
173,1100,3
173,1290,2
173,1032,2
173,1110,2
173,1017,3
173,1133,3
173,1151,3
173,1273,4
173,1269,3
173,1271,2
173,1144,3
173,1274,2
173,1043,3
173,1198,3
173,1012,3
173,1207,2
173,1039,3
173,1162,4
173,1129,3
173,1018,3
173,1062,2
173,1027,2
173,1040,3
173,1293,2
173,103,2
173,1046,4
173,1236,4
173,1013,2
173,1232,3
173,1176,4
173,1199,4
173,1127,3
173,1073,2
173,1294,2
173,1279,3
173,1118,2
173,1033,3
173,1163,4
174,1057,4
174,1287,3
174,1086,3
174,1289,2
174,1053,3
174,1119,4
174,1059,4
174,1012,3
174,1110,4
174,1015,3
174,1028,3
174,1194,3
174,1060,2
174,1103,3
174,1133,1
174,1049,3
174,1286,3
174,102,3
174,1099,2
174,1048,3
174,108,3
174,1203,2
174,1046,2
174,1166,2
174,1097,2
174,1220,3
174,1065,2
174,1067,2
174,1055,3
174,1180,3
174,1158,3
174,1202,3
174,1185,3
174,1257,2
174,1132,3
174,1219,4
174,1095,3
174,1066,4
174,1191,2
174,1172,4
175,1048,2
175,1129,3
175,1181,5
175,1259,3
175,1122,3
175,1042,3
175,1131,2
175,1256,2
175,1150,2
175,1198,4
175,1002,3
175,1024,3
175,1282,2
175,1046,2
175,1115,2
175,1136,3
175,1121,4
175,1117,2
175,1276,3
175,1286,3
175,1263,3
175,1085,2
175,1246,3
175,1262,4
175,102,5
175,1068,4
175,1159,3
175,1275,3
175,1206,3
175,1166,3
175,101,4
175,1238,3
175,1091,2
175,1087,4
175,1047,1
175,1148,3
175,1209,2
175,1120,3
175,1292,3
175,1094,2
176,1113,2
176,1052,2
176,1039,3
176,1120,3
176,1298,4
176,1266,4
176,1115,2
176,1014,3
176,1235,3
176,1133,4
176,1269,3
176,1077,4
176,104,2
176,1242,2
176,1102,2
176,1202,3
176,1161,3
176,1043,3
176,1037,3
176,1249,3
176,1290,4
176,1109,3
176,1286,2
176,1134,4
176,101,3
176,1210,2
176,1170,3
176,1174,2
176,1223,3
176,1276,3
176,1076,4
176,1005,4
176,1041,2
176,1284,4
176,1002,2
176,1132,3
176,1090,4
176,1080,2
176,1072,5
176,1111,2
177,1160,2
177,1223,2
177,1072,3
177,1296,3
177,1264,4
177,1282,3
177,1102,2
177,1221,2
177,1209,4
177,1080,4
177,1219,3
177,1134,3
177,1153,3
177,1125,2
177,1101,3
177,1002,2
177,1092,2
177,1199,2
177,1143,4
177,1184,2
177,1266,4
177,1230,2
177,1038,2
177,1289,3
177,1051,3
177,1056,3
177,1019,3
177,1109,2
177,1265,4
177,1049,1
177,1278,3
177,1237,2
177,1194,3
177,1061,2
177,1257,3
177,1084,4
177,1267,4
177,1110,2
177,1115,3
177,1017,3
178,1238,3
178,1042,3
178,1216,4
178,1267,4
178,1182,2
178,1021,3
178,1005,2
178,1068,2
178,1172,2
178,1152,4
178,1186,3
178,1050,3
178,1250,3
178,1140,3
178,1141,2
178,1125,3
178,1073,2
178,1035,5
178,1271,4
178,1067,2
178,1299,4
178,1287,3
178,1268,3
178,1236,2
178,1139,3
178,1243,4
178,1259,4
178,1031,3
178,1069,2
178,1081,2
178,1248,4
178,1013,3
178,1232,2
178,1012,1
178,1251,3
178,1214,4
178,1231,3
178,1014,3
178,1298,3
178,1017,3
179,1192,3
179,1121,2
179,1262,3
179,1055,3
179,1276,2
179,103,4
179,1125,2
179,1124,2
179,1082,3
179,1272,3
179,1234,2
179,1247,4
179,1119,3
179,1256,4
179,1091,2
179,1185,2
179,1088,2
179,1024,2
179,1196,3
179,1129,4
179,1116,2
179,1071,2
179,1025,2
179,1064,3
179,1143,3
179,1079,1
179,1259,2
179,1284,4
179,1149,1
179,1200,2
179,1144,3
179,1073,3
179,1002,3
179,1206,3
179,1058,2
179,1180,2
179,1212,3
179,1101,3
179,1045,4
179,1150,2
180,1023,2
180,1166,1
180,1011,3
180,1140,2
180,1021,1
180,1141,2
180,1114,3
180,1096,3
180,1102,2
180,1098,3
180,1173,3
180,1091,3
180,1261,4
180,1123,2
180,1292,5
180,1153,3
180,1054,5
180,1194,1
180,1105,3
180,1064,3
180,1044,3
180,1038,2
180,1040,3
180,1299,5
180,1224,3
180,1230,4
180,1055,3
180,1270,4
180,1016,2
180,1093,2
180,1115,3
180,1295,5
180,1244,4
180,1060,3
180,1199,2
180,1157,3
180,1107,2
180,1012,2
180,1200,2
180,1009,3
181,1060,3
181,1021,3
181,1031,3
181,1151,1
181,1028,2
181,1055,2
181,1261,2
181,1286,3
181,1138,2
181,1047,3
181,1268,3
181,1141,2
181,1107,2
181,1110,2
181,1195,3
181,1263,3
181,1236,3
181,1167,3
181,1005,5
181,1292,4
181,1063,3
181,1200,2
181,1091,2
181,1079,3
181,1072,4
181,1102,3
181,1250,3
181,1067,4
181,1029,3
181,1114,3
181,1223,2
181,1132,2
181,1163,3
181,1164,3
181,1206,3
181,1039,3
181,1122,4
181,1010,2
181,1142,3
181,1058,4
182,1240,3
182,1209,2
182,1279,3
182,1065,3
182,1099,4
182,1260,2
182,1127,2
182,1140,2
182,1012,4
182,1051,2
182,1115,2
182,1147,2
182,1275,3
182,103,2
182,1262,2
182,1221,3
182,1091,2
182,1167,3
182,1144,2
182,1113,2
182,1236,2
182,1273,2
182,1061,3
182,1200,2
182,1015,5
182,1100,2
182,1111,2
182,1183,2
182,1055,2
182,1019,5
182,1044,3
182,1181,3
182,1223,3
182,1001,3
182,1016,4
182,1251,4
182,1180,1
182,1281,1
182,1289,3
182,1025,3
183,1089,5
183,1047,3
183,1086,4
183,1106,2
183,1142,4
183,1064,2
183,1212,3
183,1198,3
183,1280,3
183,1278,3
183,1020,4
183,1200,4
183,1003,2
183,1277,2
183,1234,3
183,1071,3
183,1195,3
183,1052,3
183,1226,3
183,1205,3
183,1007,3
183,1218,1
183,1081,4
183,1102,3
183,1150,3
183,1279,2
183,1108,3
183,1258,2
183,1104,2
183,1158,3
183,1177,2
183,1116,2
183,1062,3
183,1000,3
183,1137,3
183,102,2
183,1168,3
183,1281,2
183,1214,3
183,1166,2
184,1255,3
184,1214,3
184,1299,2
184,1192,2
184,1191,4
184,1024,4
184,1020,4
184,1051,2
184,1190,3
184,1249,2
184,1095,4
184,1030,5
184,1033,5
184,1090,4
184,1163,2
184,1005,2
184,1016,3
184,1025,3
184,1184,2
184,1262,3
184,1134,3
184,1142,3
184,1029,2
184,1156,3
184,1019,3
184,1224,3
184,1200,2
184,1082,2
184,1259,3
184,1092,4
184,1290,3
184,1218,4
184,1202,4
184,1065,2
184,1017,3
184,1180,3
184,1104,3
184,1135,3
184,1130,3
184,1000,3
185,1270,1
185,1032,3
185,1229,4
185,106,3
185,1096,3
185,1076,2
185,1044,4
185,1075,3
185,101,3
185,1186,3
185,1049,5
185,1104,4
185,1208,1
185,1113,3
185,1254,2
185,1154,2
185,1059,3
185,1231,3
185,1245,3
185,1271,3
185,1285,3
185,1168,4
185,1184,2
185,1054,3
185,1089,2
185,1103,3
185,1221,4
185,1030,3
185,1143,2
185,1149,2
185,1127,3
185,1295,2
185,1017,3
185,1078,2
185,1288,4
185,1157,1
185,1016,3
185,1064,4
185,1194,3
185,1142,3
186,1255,3
186,1082,3
186,1270,4
186,1155,2
186,1201,2
186,1006,3
186,1165,3
186,1109,3
186,1285,2
186,1222,1
186,1003,4
186,1244,3
186,1293,3
186,1211,3
186,1198,2
186,1052,5
186,1224,3
186,1236,4
186,1023,3
186,1246,2
186,1112,3
186,1199,3
186,1257,2
186,1067,3
186,108,3
186,1178,4
186,102,3
186,1184,2
186,1268,2
186,1065,3
186,1035,2
186,1079,2
186,1084,2
186,1106,2
186,1170,5
186,1159,2
186,1073,2
186,1036,2
186,1193,2
186,1179,4
187,1164,1
187,1254,3
187,1275,3
187,1025,2
187,1035,2
187,1137,2
187,1169,3
187,1223,2
187,1271,2
187,1251,2
187,1226,2
187,1010,2
187,1217,3
187,1038,3
187,1174,3
187,1083,3
187,1112,3
187,1270,3
187,1197,3
187,1221,2
187,1191,3
187,1236,2
187,1092,2
187,1268,2
187,1087,3
187,1005,4
187,1132,3
187,1186,4
187,1031,1
187,1024,2
187,1228,2
187,1245,4
187,1264,2
187,1244,5
187,1188,3
187,1269,3
187,1068,5
187,1286,3
187,1215,3
187,1250,2
188,1118,4
188,1060,3
188,1264,2
188,1286,3
188,1129,3
188,1192,3
188,1105,3
188,1091,4
188,1271,3
188,1285,3
188,1044,2
188,1166,2
188,1199,4
188,1076,4
188,1125,2
188,1032,3
188,1159,3
188,1087,3
188,1164,2
188,1239,2
188,1083,3
188,1167,3
188,1191,4
188,1077,4
188,1079,4
188,1198,4
188,1293,2
188,1263,3
188,1181,2
188,1106,3
188,1250,4
188,1046,2
188,1278,3
188,1179,2
188,1005,1
188,1242,3
188,1257,3
188,1126,2
188,1189,1
188,1158,3
189,1015,2
189,1000,3
189,1128,2
189,1068,3
189,1047,3
189,1137,2
189,1036,2
189,1010,2
189,1173,4
189,1082,4
189,1225,2
189,1188,3
189,1262,4
189,1054,2
189,1294,2
189,1260,5
189,1234,3
189,1279,1
189,1022,4
189,1059,3
189,1236,2
189,104,3
189,1131,3
189,1176,3
189,1058,2
189,1112,1
189,1255,4
189,1261,4
189,1277,3
189,1170,3
189,1197,3
189,1075,4
189,1062,3
189,1161,2
189,1211,3
189,1205,4
189,1021,4
189,1158,3
189,1290,3
189,1251,1
190,1051,3
190,1158,5
190,1154,3
190,1027,2
190,1098,5
190,103,3
190,1157,4
190,1166,2
190,1238,3
190,1009,3
190,1259,3
190,1096,5
190,1209,3
190,1276,4
190,1085,3
190,1043,3
190,1137,2
190,1147,3
190,1258,3
190,1260,3
190,1188,2
190,1189,3
190,1292,2
190,1243,2
190,1065,3
190,1247,3
190,1105,2
190,1208,3
190,1221,3
190,1217,4
190,1141,3
190,1203,1
190,1068,3
190,104,3
190,1058,2
190,1179,2
190,1255,2
190,1077,3
190,1180,2
190,1139,3
191,1008,2
191,1158,2
191,1064,3
191,1038,2
191,1253,3
191,1224,5
191,1187,2
191,1275,2
191,1115,2
191,1044,3
191,1192,3
191,1019,3
191,1273,2
191,1085,4
191,1217,2
191,1053,3
191,1232,2
191,1081,2
191,1024,3
191,1226,5
191,1102,4
191,1093,4
191,1218,2
191,1103,4
191,1281,4
191,1290,4
191,1087,3
191,1006,2
191,1080,3
191,1071,3
191,1287,3
191,1282,4
191,1101,5
191,1202,2
191,1079,3
191,1043,4
191,1210,3
191,1159,3
191,1291,3
191,1030,4
192,1231,3
192,1261,2
192,1246,4
192,1049,3
192,1101,3
192,1243,1
192,1159,3
192,1062,3
192,1288,2
192,1277,3
192,1257,3
192,1116,4
192,1058,4
192,1068,2
192,1006,2
192,1042,2
192,1060,4
192,1178,4
192,1195,3
192,1019,3
192,1272,2
192,1088,2
192,1080,3
192,1011,2
192,1014,3
192,1127,3
192,1275,3
192,1242,2
192,1230,3
192,1249,2
192,1251,3
192,1283,3
192,1216,2
192,1170,4
192,1099,3
192,1182,2
192,1255,2
192,1174,3
192,1086,4
192,1113,4
193,1232,2
193,1034,2
193,1099,2
193,1295,3
193,1247,3
193,1039,2
193,1050,3
193,1066,3
193,1195,3
193,1016,2
193,1069,4
193,1051,2
193,1098,3
193,1072,3
193,1052,3
193,1227,2
193,1201,2
193,1230,2
193,1063,4
193,1019,3
193,1037,2
193,1049,1
193,1187,4
193,1198,3
193,1045,3
193,1058,3
193,1084,2
193,1013,2
193,1053,1
193,1008,5
193,1220,2
193,1061,3
193,1167,4
193,1262,3
193,1216,2
193,1119,2
193,1093,3
193,1101,3
193,1010,2
193,1142,3
194,1290,2
194,1246,1
194,1000,1
194,1041,3
194,1109,3
194,1224,3
194,1052,3
194,1064,3
194,1133,4
194,1089,1
194,1209,2
194,1175,3
194,1273,3
194,1159,2
194,1268,2
194,1179,2
194,1190,4
194,1149,4
194,1058,2
194,1100,3
194,1005,3
194,1124,4
194,1030,3
194,1071,3
194,1238,1
194,1019,4
194,1208,2
194,1055,2
194,1177,4
194,1074,3
194,1237,3
194,1110,3
194,1277,2
194,1245,1
194,1134,4
194,1022,3
194,1077,4
194,1298,3
194,1023,2
194,1218,3
195,1120,4
195,1228,3
195,1214,2
195,102,3
195,1048,3
195,1014,3
195,1276,2
195,1022,5
195,1052,3
195,1255,2
195,1054,4
195,1011,2
195,1098,2
195,1005,3
195,1203,4
195,1275,3
195,1109,3
195,1043,3
195,1222,2
195,1196,3
195,1133,4
195,1038,2
195,1242,2
195,1074,3
195,1208,3
195,1256,2
195,1013,3
195,1270,3
195,107,1
195,1041,5
195,1179,3
195,1221,2
195,1046,2
195,1067,2
195,1295,3
195,1007,1
195,1047,4
195,1167,3
195,1023,4
195,1229,2
196,1068,3
196,1032,5
196,1172,4
196,1291,3
196,1024,3
196,1260,3
196,1115,1
196,1062,2
196,1235,2
196,1001,4
196,1008,3
196,1021,1
196,1128,2
196,1198,3
196,1204,3
196,1209,2
196,1043,2
196,1151,4
196,1161,2
196,1293,2
196,1004,3
196,1026,2
196,1051,2
196,1017,2
196,1220,2
196,1240,3
196,1231,3
196,1055,3
196,1121,3
196,1011,3
196,1002,2
196,1126,3
196,1112,3
196,1270,4
196,1274,4
196,1280,3
196,1130,3
196,1285,1
196,102,2
196,1153,4
197,1290,2
197,1283,3
197,1050,1
197,1220,3
197,108,3
197,1026,2
197,1127,4
197,1076,1
197,1212,4
197,1063,2
197,1005,3
197,1101,3
197,1231,3
197,1018,3
197,1255,1
197,1227,4
197,1268,2
197,1079,3
197,1046,4
197,1037,2
197,1202,2
197,1020,3
197,1073,2
197,1006,3
197,1124,4
197,1040,5
197,1271,2
197,1034,3
197,1112,2
197,1181,3
197,1284,5
197,1254,3
197,1296,3
197,1250,2
197,1291,3
197,1221,4
197,1067,3
197,1049,4
197,1219,3
197,1003,3
198,1247,2
198,1294,4
198,1130,3
198,1076,2
198,1299,3
198,1208,2
198,1278,2
198,1250,3
198,1069,2
198,1229,1
198,1192,2
198,1288,3
198,1236,3
198,1017,2
198,1128,3
198,1014,3
198,1293,3
198,1173,5
198,1109,3
198,1052,5
198,1124,3
198,1037,2
198,1289,2
198,1049,2
198,1210,2
198,1245,2
198,1274,4
198,1119,3
198,1082,3
198,1241,2
198,1137,2
198,1275,3
198,1277,3
198,1106,3
198,1162,2
198,1185,3
198,1046,2
198,1227,3
198,1195,3
198,1085,2
199,1286,2
199,1026,3
199,1209,4
199,1003,3
199,1024,2
199,1037,4
199,1145,1
199,1029,3
199,1101,2
199,1049,3
199,1292,4
199,1119,2
199,1175,3
199,1299,3
199,1075,2
199,1096,2
199,1200,2
199,1047,2
199,1111,3
199,1235,3
199,101,4
199,1166,2
199,1087,2
199,1014,3
199,1122,4
199,1156,3
199,1276,2
199,1253,3
199,1040,3
199,1197,3
199,1162,3
199,1076,3
199,1176,3
199,1134,3
199,1146,2
199,1245,4
199,1066,3
199,1126,4
199,1055,2
199,1041,2
200,1289,3
200,1194,4
200,1273,3
200,1217,4
200,1151,2
200,1251,4
200,1187,3
200,1282,3
200,1038,3
200,1159,3
200,1166,2
200,1293,2
200,1125,2
200,1152,4
200,1017,4
200,1048,3
200,1055,4
200,1061,1
200,1298,2
200,1084,2
200,1021,3
200,1236,2
200,1176,2
200,1118,2
200,1014,3
200,1171,3
200,1050,2
200,1028,3
200,1234,4
200,1032,1
200,1208,3
200,1023,4
200,1108,2
200,1297,3
200,1267,2
200,1276,2
200,1098,1
200,1207,4
200,1119,3
200,1202,2
201,1090,3
201,1251,3
201,1006,3
201,1209,5
201,1058,3
201,1116,2
201,1181,4
201,1124,2
201,1199,3
201,1187,3
201,1086,5
201,1206,5
201,1164,3
201,1140,4
201,1019,2
201,1047,3
201,1195,2
201,1163,3
201,1169,3
201,1109,2
201,105,3
201,1074,2
201,1087,3
201,1052,2
201,1081,3
201,1069,3
201,1142,5
201,1084,4
201,1223,1
201,1211,4
201,1236,3
201,1234,3
201,1151,3
201,1197,4
201,1060,3
201,1153,3
201,1026,4
201,1191,3
201,1045,2
201,1032,2
202,1237,4
202,1167,3
202,1108,2
202,1212,5
202,1169,2
202,1293,2
202,1189,4
202,1264,2
202,1016,2
202,1228,2
202,1275,4
202,1171,3
202,1078,3
202,1180,2
202,1127,3
202,1255,3
202,1081,2
202,1150,3
202,1057,2
202,1055,3
202,1277,4
202,1111,2
202,1249,2
202,1158,4
202,1121,3
202,1177,3
202,1129,2
202,1008,2
202,1211,5
202,1122,3
202,1148,2
202,1138,2
202,1231,3
202,1165,3
202,1066,2
202,1092,4
202,1031,5
202,1049,3
202,1063,3
202,1091,3
203,1271,3
203,1249,3
203,1066,3
203,1128,3
203,1109,3
203,1161,4
203,1148,3
203,107,2
203,1010,3
203,1045,3
203,1255,2
203,1027,3
203,1194,3
203,1217,3
203,1234,4
203,1250,2
203,1138,4
203,1026,3
203,1209,3
203,1168,4
203,1080,3
203,1134,3
203,1122,2
203,1176,3
203,1125,3
203,1126,3
203,1210,3
203,1019,3
203,1264,2
203,1099,2
203,1265,2
203,1177,2
203,1025,2
203,1235,4
203,1103,5
203,1222,4
203,1274,2
203,1046,3
203,108,3
203,1156,3
204,1282,1
204,1044,2
204,1069,3
204,1049,3
204,1273,3
204,1247,3
204,1007,2
204,1192,2
204,1072,2
204,1099,3
204,1080,3
204,1256,4
204,1255,2
204,1017,2
204,1287,3
204,1277,2
204,1100,3
204,1077,1
204,1066,2
204,1054,4
204,1014,2
204,1051,4
204,108,3
204,1086,2
204,1109,2
204,1081,2
204,102,3
204,1000,3
204,1024,3
204,1259,2
204,1189,3
204,1228,2
204,1214,4
204,1186,3
204,1050,4
204,1015,3
204,1252,2
204,1297,3
204,1238,5
204,106,2
205,1015,2
205,1215,2
205,1213,2
205,1191,3
205,1208,3
205,1129,4
205,1039,2
205,1029,3
205,107,5
205,1193,2
205,1181,2
205,1145,3
205,1036,2
205,1038,2
205,1107,2
205,1136,2
205,101,4
205,1220,3
205,1269,3
205,1157,3
205,1043,3
205,1196,3
205,1294,2
205,1232,3
205,1013,3
205,1259,3
205,108,5
205,1180,4
205,1279,3
205,1091,1
205,1212,1
205,1206,3
205,1272,2
205,1095,2
205,1142,3
205,1275,3
205,1064,4
205,1185,4
205,1265,4
205,1282,2
206,1284,3
206,1180,3
206,1063,3
206,1029,2
206,1228,2
206,1176,3
206,1163,3
206,1253,4
206,1152,3
206,1052,2
206,1227,3
206,1241,3
206,1225,3
206,1140,2
206,1038,3
206,1062,2
206,1143,3
206,1189,3
206,1086,3
206,1030,3
206,1041,4
206,1269,3
206,1274,2
206,1066,3
206,1135,3
206,1039,3
206,1295,4
206,1198,5
206,1215,2
206,1128,3
206,1082,3
206,1075,4
206,1064,2
206,1236,3
206,1254,4
206,1292,3
206,1222,3
206,1019,4
206,1127,4
206,1179,2
207,1085,4
207,1074,2
207,1126,2
207,1223,2
207,1115,1
207,1038,3
207,1061,3
207,1206,3
207,1029,4
207,1191,2
207,1269,4
207,1183,3
207,104,3
207,1238,2
207,1025,3
207,1022,3
207,1171,2
207,1279,3
207,1051,2
207,1286,3
207,1182,3
207,101,3
207,1083,3
207,1229,2
207,1047,2
207,1036,3
207,1153,3
207,1087,4
207,1210,2
207,1033,2
207,1014,4
207,1177,2
207,1108,3
207,1217,3
207,1019,2
207,1283,3
207,1094,3
207,1008,1
207,1228,3
207,1028,4
208,1070,3
208,1172,2
208,1279,4
208,1198,2
208,1105,2
208,1085,3
208,1027,3
208,1231,3
208,1143,2
208,1101,3
208,1176,2
208,1216,4
208,1123,2
208,1260,4
208,1115,2
208,1164,3
208,1069,2
208,1207,3
208,1263,4
208,1022,4
208,1199,2
208,1131,2
208,1271,4
208,1214,5
208,1011,3
208,1211,4
208,1221,2
208,1091,3
208,1293,3
208,1272,4
208,1104,3
208,1120,2
208,1145,3
208,1269,3
208,1249,3
208,1147,1
208,1082,4
208,1154,5
208,1108,3
208,1187,3
209,1143,3
209,1219,2
209,1191,3
209,1019,2
209,1082,1
209,1078,2
209,1004,2
209,1199,2
209,1181,2
209,1111,3
209,1153,3
209,1129,3
209,1034,3
209,101,3
209,1061,1
209,1085,3
209,1216,1
209,1152,1
209,1281,4
209,1174,2
209,1022,2
209,106,2
209,1072,3
209,1205,3
209,1017,4
209,1032,2
209,1155,2
209,1048,4
209,1164,3
209,1101,3
209,1169,4
209,1293,3
209,1124,2
209,1217,2
209,1165,5
209,1008,2
209,1136,2
209,1014,3
209,1244,4
209,1043,3
210,1175,4
210,1169,3
210,1116,3
210,1183,3
210,1282,3
210,1166,2
210,1067,3
210,1015,3
210,1177,4
210,1190,3
210,1028,1
210,1009,3
210,1022,2
210,1200,3
210,1241,3
210,1283,3
210,1287,3
210,107,3
210,1001,2
210,1195,2
210,1284,3
210,1211,2
210,1272,3
210,1029,2
210,1271,3
210,1216,3
210,1236,4
210,1126,3
210,1014,3
210,1115,3
210,1237,3
210,1248,2
210,1128,3
210,1056,4
210,1103,3
210,1091,3
210,1139,3
210,1149,2
210,1289,3
210,1107,3
211,108,3
211,1069,4
211,1051,4
211,1037,3
211,1188,4
211,1193,3
211,1219,3
211,1104,3
211,1061,4
211,104,5
211,1136,2
211,1163,2
211,1225,1
211,1280,3
211,1276,3
211,1270,3
211,1222,2
211,1157,2
211,1281,2
211,1087,4
211,1036,3
211,1079,2
211,1295,3
211,1208,2
211,1151,2
211,1077,2
211,1194,2
211,1015,4
211,1110,2
211,1115,2
211,1206,2
211,1083,3
211,105,4
211,1064,4
211,1226,2
211,1181,5
211,1173,2
211,1258,2
211,1031,3
211,1122,3
212,1276,3
212,1256,4
212,1014,4
212,1017,3
212,1165,3
212,1113,2
212,1237,4
212,1265,3
212,1102,3
212,1026,3
212,1272,2
212,1184,2
212,1071,3
212,1252,3
212,1289,2
212,1080,2
212,1133,3
212,1161,1
212,1151,2
212,1019,5
212,1041,4
212,1255,5
212,1062,3
212,1078,4
212,1236,2
212,1075,5
212,101,2
212,1082,2
212,1274,2
212,1101,3
212,1142,3
212,1266,2
212,1057,2
212,1109,2
212,1061,3
212,1022,3
212,1121,2
212,1037,3
212,1134,4
212,1241,2
213,1296,3
213,1110,2
213,1217,3
213,1225,3
213,1227,2
213,1174,2
213,1195,2
213,1291,2
213,1041,4
213,1267,3
213,1106,3
213,1059,3
213,1028,4
213,1003,2
213,1074,2
213,1298,3
213,1037,3
213,1204,4
213,1029,4
213,1232,2
213,1144,3
213,1185,3
213,1012,3
213,1073,3
213,1290,2
213,1263,5
213,1103,2
213,1053,3
213,1006,4
213,1126,2
213,1118,2
213,1269,4
213,1133,3
213,1026,5
213,1190,3
213,1192,3
213,1075,2
213,1069,3
213,1282,3
213,1033,3
214,1060,2
214,1214,4
214,1052,3
214,1037,5
214,1143,3
214,1067,2
214,1122,2
214,1102,2
214,1202,2
214,1062,2
214,1167,2
214,1276,3
214,1156,5
214,1128,3
214,1069,2
214,1043,4
214,1255,3
214,1254,2
214,1012,3
214,1265,2
214,1244,1
214,1296,3
214,1042,2
214,1200,3
214,1114,2
214,1151,2
214,1035,4
214,1299,1
214,1284,3
214,1186,2
214,1126,3
214,1104,4
214,1094,3
214,1278,4
214,1165,3
214,1136,2
214,1227,2
214,1087,3
214,1179,3
214,1021,3
215,1024,3
215,1212,3
215,1098,3
215,1135,2
215,1056,5
215,1032,3
215,1082,2
215,1167,3
215,1138,3
215,1181,4
215,1003,4
215,1266,2
215,105,2
215,1285,4
215,1162,3
215,1148,3
215,1252,3
215,1036,3
215,1166,4
215,1086,4
215,1196,3
215,1297,4
215,1065,2
215,1157,2
215,1182,2
215,1286,4
215,1187,4
215,1195,3
215,1146,3
215,1220,3
215,1085,3
215,1049,5
215,1114,2
215,107,3
215,1224,5
215,1133,3
215,1061,2
215,1180,3
215,1293,1
215,1052,4
216,1135,2
216,1082,3
216,1213,3
216,1250,2
216,1227,3
216,1124,2
216,1128,2
216,1247,2
216,1016,3
216,1049,3
216,1246,1
216,1091,3
216,1075,3
216,1004,4
216,1262,2
216,1202,2
216,1166,2
216,1067,2
216,1105,3
216,1219,2
216,1228,2
216,1223,3
216,1059,4
216,1287,2
216,1212,3
216,1196,3
216,1157,3
216,1200,3
216,1088,2
216,1231,5
216,102,2
216,1134,2
216,1023,3
216,1015,3
216,1174,3
216,1070,2
216,1216,2
216,1266,2
216,1024,3
216,1180,3
217,1183,4
217,1172,2
217,1101,3
217,1112,3
217,1067,5
217,1078,4
217,1069,4
217,1218,3
217,1108,3
217,1089,2
217,1259,3
217,1081,3
217,101,2
217,1139,2
217,1178,2
217,1234,1
217,1105,2
217,1173,3
217,1107,2
217,1058,2
217,1208,3
217,1210,2
217,1036,2
217,1251,3
217,1171,3
217,1009,4
217,1232,2
217,1195,3
217,1038,4
217,1017,2
217,1274,4
217,1227,2
217,1015,3
217,1253,3
217,1087,3
217,1191,2
217,1246,4
217,1053,3
217,1250,2
217,1073,3
218,1278,3
218,1281,2
218,1070,4
218,1086,2
218,1083,3
218,1173,3
218,1199,3
218,1021,2
218,1185,2
218,1085,3
218,1164,2
218,1100,4
218,1182,2
218,1017,4
218,1191,4
218,1116,3
218,1237,3
218,1117,4
218,1026,3
218,1050,3
218,1264,3
218,1020,2
218,1131,5
218,1195,4
218,1243,2
218,1133,3
218,1045,2
218,1112,4
218,104,2
218,1240,2
218,1153,1
218,1109,4
218,1148,2
218,1054,2
218,1279,1
218,1157,3
218,1068,4
218,107,3
218,1028,3
218,1104,3
219,1078,3
219,1214,1
219,1073,2
219,108,2
219,1028,3
219,1246,2
219,1041,3
219,1061,2
219,1037,3
219,1068,3
219,1149,5
219,1029,3
219,1095,3
219,1284,3
219,1116,4
219,1212,3
219,1198,2
219,1228,3
219,1264,5
219,1282,2
219,1224,3
219,1199,2
219,1010,3
219,1281,3
219,1259,3
219,1234,3
219,1102,4
219,1076,4
219,1210,3
219,1243,2
219,1239,1
219,1110,4
219,1032,2
219,1086,4
219,1059,3
219,1216,2
219,1191,2
219,1006,2
219,1227,2
219,1165,3
220,1194,3
220,1148,3
220,1150,4
220,1270,4
220,1214,3
220,1246,2
220,1197,2
220,1144,2
220,1285,2
220,1221,3
220,1295,3
220,1222,3
220,1037,4
220,1206,3
220,1095,5
220,1189,2
220,1169,1
220,1210,3
220,1009,2
220,1123,2
220,1161,2
220,1008,2
220,1003,1
220,1200,3
220,1117,3
220,1172,3
220,1153,4
220,1104,4
220,1232,2
220,1093,5
220,1011,3
220,1293,2
220,1131,2
220,1281,3
220,1087,4
220,1229,3
220,1217,3
220,1032,3
220,1048,3
220,1175,2
221,1116,3
221,1124,2
221,1133,2
221,1288,5
221,1222,3
221,1137,3
221,1107,4
221,1286,3
221,1130,2
221,1201,3
221,1127,3
221,1000,3
221,1261,3
221,1279,3
221,1079,3
221,1066,4
221,1106,5
221,1016,2
221,1295,3
221,1160,4
221,1248,3
221,1207,3
221,1057,4
221,1236,3
221,1103,5
221,1264,2
221,1259,3
221,1290,2
221,1043,4
221,1119,3
221,1072,3
221,1045,4
221,105,2
221,1284,3
221,1220,3
221,1058,3
221,1023,2
221,1080,2
221,1050,4
221,1237,3
222,1032,2
222,1285,2
222,1103,2
222,1027,3
222,1125,2
222,1176,3
222,1274,3
222,1144,2
222,1088,4
222,1124,3
222,1159,4
222,1195,2
222,1190,2
222,1105,4
222,1035,3
222,1029,3
222,1106,3
222,1269,3
222,1273,4
222,1181,3
222,1016,2
222,1096,2
222,1143,3
222,1085,3
222,1089,3
222,1200,3
222,1072,3
222,1061,3
222,1009,3
222,1119,5
222,1091,4
222,1150,3
222,1226,3
222,1141,2
222,1127,3
222,1098,3
222,1047,1
222,1001,2
222,1146,2
222,1110,5
223,1221,2
223,1164,4
223,1073,4
223,1093,3
223,1094,3
223,1060,4
223,1258,2
223,1070,2
223,1111,3
223,105,3
223,1061,4
223,1000,4
223,1161,4
223,1197,2
223,1285,3
223,1047,3
223,1102,1
223,1096,3
223,106,4
223,1109,1
223,1003,4
223,1104,1
223,1121,5
223,1201,3
223,1231,3
223,1217,3
223,1026,3
223,1054,2
223,1211,3
223,1225,2
223,1178,3
223,1216,2
223,1210,3
223,1064,4
223,1236,3
223,1169,3
223,1153,3
223,1119,2
223,1021,3
223,1080,2
224,1245,3
224,1156,3
224,1125,5
224,1203,3
224,1046,3
224,1299,3
224,1085,2
224,1127,3
224,1017,3
224,1189,3
224,1176,2
224,1269,3
224,1108,2
224,1266,2
224,1217,3
224,1070,3
224,1232,2
224,1067,3
224,1165,3
224,1250,3
224,1024,3
224,1084,3
224,1071,4
224,1154,3
224,1298,4
224,1012,5
224,1291,2
224,1167,2
224,1193,4
224,1265,3
224,1136,5
224,1122,2
224,1251,3
224,1118,3
224,1240,3
224,1119,3
224,1088,2
224,1223,3
224,1285,3
224,1031,3
225,1075,3
225,1002,3
225,1176,3
225,1140,5
225,1068,2
225,1065,3
225,1049,2
225,1184,2
225,1082,3
225,1156,3
225,1125,4
225,1294,4
225,1187,2
225,1090,2
225,1091,2
225,101,3
225,1268,3
225,1092,3
225,1095,3
225,1142,5
225,1146,4
225,1218,2
225,1001,3
225,1148,5
225,1249,2
225,1257,2
225,1247,2
225,1252,2
225,1298,2
225,1289,3
225,1161,4
225,107,3
225,1130,3
225,1229,3
225,1077,3
225,106,1
225,1183,2
225,1185,3
225,1251,2
225,1170,3
226,1289,2
226,1197,2
226,1111,3
226,1215,4
226,1117,2
226,1229,3
226,1070,2
226,1201,3
226,1080,2
226,1143,3
226,1084,3
226,1013,2
226,1212,3
226,1185,2
226,1030,4
226,1163,4
226,1124,2
226,1255,4
226,1005,3
226,1274,3
226,1165,3
226,1041,2
226,1091,3
226,1096,4
226,1046,1
226,1106,2
226,1267,2
226,1012,3
226,1014,3
226,1131,4
226,1285,2
226,1265,3
226,1072,2
226,1024,3
226,1034,4
226,1082,2
226,1069,2
226,1040,3
226,1031,3
226,1182,2
227,1103,5
227,1143,4
227,1084,2
227,1049,4
227,1064,2
227,1215,2
227,1066,3
227,1083,3
227,1030,3
227,1090,2
227,1085,2
227,1000,2
227,1148,2
227,1024,3
227,1015,3
227,1137,3
227,1075,2
227,1121,3
227,1264,3
227,1136,4
227,1240,3
227,1253,3
227,1282,4
227,1038,2
227,1233,3
227,1220,4
227,1070,3
227,1200,2
227,1293,3
227,1296,1
227,1134,4
227,1286,4
227,1261,2
227,1041,4
227,1074,3
227,1255,2
227,1093,4
227,1048,3
227,1273,3
227,1002,3
228,1097,2
228,1248,3
228,1189,3
228,1096,1
228,1101,4
228,1239,4
228,1200,2
228,1034,3
228,1250,2
228,1164,3
228,1050,3
228,1269,2
228,1198,2
228,1082,2
228,1195,3
228,1224,2
228,1045,3
228,1118,4
228,1214,2
228,1274,4
228,1148,3
228,1047,2
228,101,2
228,1030,3
228,1089,2
228,1071,3
228,1072,4
228,1094,4
228,1107,1
228,1070,3
228,1042,2
228,1268,2
228,1252,2
228,1106,3
228,1170,5
228,1087,3
228,1228,4
228,1299,4
228,1024,3
228,1262,3
229,1180,4
229,1196,3
229,1265,3
229,1188,4
229,1079,2
229,1173,2
229,1286,2
229,1040,2
229,1062,4
229,1157,2
229,1221,3
229,1096,4
229,1149,3
229,1251,3
229,1295,2
229,1281,2
229,1075,2
229,1167,3
229,1158,3
229,1106,2
229,1131,2
229,1214,3
229,105,4
229,1219,2
229,1144,1
229,1061,3
229,1288,2
229,1003,5
229,1129,4
229,1235,3
229,1065,5
229,1202,3
229,1208,3
229,1294,2
229,1147,2
229,1024,3
229,1216,3
229,1285,2
229,1194,3
229,1240,4
230,1196,5
230,1063,3
230,1226,3
230,1012,3
230,1195,4
230,1140,2
230,1275,1
230,1023,2
230,1001,2
230,1270,2
230,1083,4
230,1130,4
230,1265,2
230,1121,3
230,1175,2
230,1258,3
230,1045,3
230,1105,3
230,101,1
230,1276,2
230,1268,3
230,1285,2
230,1089,2
230,1013,3
230,1160,2
230,1239,3
230,1148,3
230,1274,3
230,1113,2
230,1296,3
230,1234,3
230,1126,2
230,1046,3
230,1169,3
230,1204,2
230,108,3
230,1068,3
230,1220,3
230,1181,4
230,107,2
231,1121,2
231,1059,3
231,1299,2
231,1296,3
231,1014,2
231,1193,3
231,1239,2
231,1132,2
231,1167,2
231,1208,5
231,1278,3
231,1197,3
231,1183,3
231,1076,3
231,1146,5
231,1011,1
231,1185,3
231,1064,3
231,1056,3
231,1051,3
231,1157,3
231,1168,1
231,1297,3
231,1215,3
231,1236,2
231,1062,3
231,1153,4
231,1209,4
231,1083,5
231,1086,4
231,1084,2
231,1055,3
231,105,2
231,1161,2
231,1112,2
231,1102,3
231,1142,4
231,1217,2
231,1007,2
231,1124,2
232,1169,2
232,1276,4
232,1156,4
232,1275,3
232,1158,5
232,1079,3
232,1084,2
232,1291,3
232,1148,2
232,1063,4
232,1152,3
232,1043,2
232,1199,3
232,1051,4
232,1249,3
232,1159,4
232,1242,2
232,1180,3
232,1035,4
232,1221,3
232,1026,3
232,1020,3
232,1164,3
232,1018,2
232,1262,3
232,1016,3
232,1177,4
232,1149,2
232,1298,2
232,1039,4
232,1124,2
232,1224,3
232,1129,3
232,1233,4
232,1109,3
232,1179,3
232,1101,2
232,1174,3
232,1064,4
232,1144,3
233,1214,4
233,1086,3
233,1153,2
233,1024,3
233,1152,3
233,1084,2
233,1054,3
233,1219,3
233,1148,2
233,1201,3
233,1159,3
233,1100,4
233,1107,5
233,1239,3
233,1254,2
233,1017,3
233,1043,5
233,1281,4
233,1046,4
233,1174,2
233,1209,3
233,1236,3
233,1088,3
233,1141,3
233,1134,2
233,1187,3
233,1246,2
233,1036,3
233,1237,2
233,1218,4
233,1185,2
233,1075,2
233,1295,1
233,1195,2
233,1293,3
233,1025,2
233,1150,2
233,1106,4
233,1099,3
233,1194,4
234,1181,3
234,1243,2
234,1160,3
234,1284,3
234,1170,4
234,1258,1
234,1056,4
234,1257,3
234,1048,3
234,1295,5
234,1018,2
234,1083,3
234,1065,2
234,1028,4
234,1217,2
234,1290,3
234,1228,4
234,1267,3
234,1029,2
234,1062,1
234,1145,3
234,1262,2
234,1268,3
234,1088,2
234,1223,2
234,1033,3
234,108,2
234,1289,3
234,1126,3
234,1042,1
234,1128,2
234,1097,2
234,1209,3
234,1246,2
234,1073,3
234,1259,2
234,1192,2
234,1045,2
234,1034,3
234,1085,2
235,107,5
235,1155,3
235,1091,3
235,1056,3
235,1194,3
235,1002,4
235,1054,2
235,1286,3
235,1115,3
235,1291,4
235,1032,3
235,106,4
235,1119,3
235,1264,3
235,1285,3
235,1234,4
235,1149,3
235,1060,2
235,1153,3
235,1170,3
235,1116,2
235,1210,3
235,1013,3
235,1022,3
235,1263,3
235,1159,3
235,1265,2
235,1043,2
235,1249,4
235,1137,3
235,1023,3
235,1061,4
235,1145,3
235,1100,4
235,1228,2
235,1097,2
235,1197,3
235,1027,1
235,1167,2
235,1246,4
236,1006,2
236,1073,4
236,1270,3
236,1296,3
236,1207,3
236,1185,2
236,1201,2
236,103,4
236,1167,2
236,1119,3
236,1143,3
236,1082,2
236,1258,4
236,1034,3
236,1122,3
236,1123,3
236,1027,3
236,1203,2
236,1031,2
236,1009,3
236,1045,3
236,1228,2
236,1157,1
236,1096,2
236,1163,3
236,1266,3
236,1145,3
236,1127,3
236,1013,5
236,1183,1
236,1055,1
236,1011,4
236,1088,3
236,1278,2
236,1271,2
236,101,4
236,1061,3
236,1243,4
236,1101,2
236,105,4
237,1224,3
237,1061,3
237,1243,4
237,1055,3
237,1128,3
237,1092,2
237,1002,2
237,1209,4
237,1275,3
237,1278,3
237,1053,2
237,1046,2
237,1188,2
237,1130,3
237,1009,4
237,1095,2
237,1148,5
237,1098,3
237,1294,3
237,1249,3
237,1259,3
237,1025,4
237,1251,3
237,1244,3
237,1097,3
237,1272,3
237,1232,2
237,1218,3
237,1175,2
237,1254,2
237,1105,2
237,1111,2
237,1101,3
237,1199,3
237,1137,2
237,1235,5
237,1222,3
237,108,4
237,1120,3
237,1040,3
238,1150,4
238,1042,3
238,1065,2
238,1133,2
238,1270,4
238,1230,2
238,1006,3
238,1292,3
238,1277,5
238,1235,3
238,1069,3
238,1191,2
238,1122,3
238,1286,2
238,1200,3
238,1096,4
238,1085,2
238,1082,3
238,1183,3
238,1032,4
238,1245,3
238,1144,3
238,1086,3
238,1140,3
238,108,4
238,1127,4
238,1101,2
238,1080,2
238,1206,3
238,1043,2
238,1047,2
238,1265,3
238,1018,3
238,1010,2
238,1090,4
238,1148,3
238,1187,3
238,1261,4
238,1212,3
238,1102,2
239,1233,2
239,1030,3
239,1191,4
239,1245,3
239,1064,2
239,1087,2
239,1053,2
239,1004,3
239,1121,1
239,1153,3
239,1135,3
239,1200,2
239,1049,5
239,1048,4
239,1283,4
239,1077,3
239,1272,3
239,1027,3
239,1234,3
239,104,4
239,1224,3
239,1123,2
239,1148,2
239,1117,3
239,1019,3
239,1066,2
239,1107,4
239,1146,3
239,1142,2
239,1059,2
239,1086,2
239,1176,3
239,1065,3
239,1039,3
239,1195,2
239,108,3
239,1167,4
239,1084,2
239,1101,4
239,1292,3
240,1212,2
240,1268,3
240,1199,2
240,1138,2
240,1266,2
240,1203,2
240,1122,4
240,1237,3
240,1276,2
240,1211,3
240,1255,2
240,1207,2
240,1056,4
240,1101,1
240,1229,2
240,1186,3
240,1022,2
240,105,3
240,1248,4
240,1261,3
240,1129,3
240,1151,3
240,1225,2
240,1124,2
240,1004,2
240,1253,3
240,1110,4
240,1216,2
240,1277,4
240,1037,2
240,1281,3
240,1048,2
240,1284,3
240,1008,1
240,1243,3
240,1141,3
240,1282,4
240,1058,3
240,1035,3
240,1215,3
241,1272,2
241,1257,4
241,1184,5
241,1119,2
241,1141,3
241,1198,2
241,1224,2
241,1114,3
241,1295,3
241,1048,3
241,103,5
241,102,3
241,1256,3
241,1258,2
241,1284,2
241,1282,2
241,1038,3
241,1054,3
241,1121,5
241,1052,2
241,1199,3
241,1003,4
241,1288,3
241,1039,3
241,1188,3
241,1069,3
241,1112,2
241,1063,4
241,1245,3
241,1095,2
241,1225,3
241,1289,2
241,1264,3
241,1287,2
241,1227,2
241,1014,4
241,1190,3
241,105,4
241,1269,2
241,1164,3
242,1203,2
242,1202,3
242,1007,4
242,1220,2
242,1156,3
242,1184,2
242,1286,3
242,1297,2
242,1120,3
242,1137,5
242,1289,2
242,1131,4
242,1199,4
242,1213,3
242,1218,1
242,1067,1
242,1019,4
242,1040,3
242,1021,3
242,1273,2
242,1062,3
242,1128,3
242,1000,3
242,1063,3
242,1268,2
242,1038,3
242,1251,3
242,1069,2
242,1105,3
242,1254,3
242,1139,4
242,101,2
242,1068,2
242,1192,3
242,1064,2
242,1009,4
242,1263,3
242,1169,3
242,1248,3
242,1027,3
243,1036,4
243,1007,3
243,1037,3
243,1081,3
243,1094,2
243,1057,4
243,1282,4
243,1210,4
243,1027,4
243,1171,2
243,1056,3
243,1127,3
243,1264,3
243,1183,1
243,106,2
243,1246,2
243,1211,2
243,1214,3
243,1158,2
243,1106,3
243,1124,3
243,1151,1
243,1187,3
243,1015,3
243,1148,5
243,1082,3
243,1065,2
243,1217,3
243,1206,5
243,1104,2
243,1145,4
243,1188,2
243,1004,2
243,1046,3
243,1162,3
243,1113,2
243,104,2
243,1179,3
243,1247,3
243,1096,3
244,1022,3
244,1098,4
244,1177,3
244,108,3
244,1010,2
244,1203,2
244,1047,3
244,1253,2
244,1147,3
244,1248,3
244,1281,3
244,1239,2
244,1146,2
244,1066,3
244,1056,3
244,1112,2
244,1152,4
244,1131,2
244,1099,4
244,1149,3
244,1019,2
244,1206,2
244,1185,2
244,1272,4
244,1070,2
244,1048,3
244,1069,3
244,1036,4
244,1164,3
244,1213,4
244,1121,3
244,1174,3
244,1075,3
244,1123,2
244,1286,3
244,1080,3
244,1000,4
244,1196,3
244,1133,3
244,1136,3
245,1197,3
245,1018,3
245,1151,2
245,1262,2
245,1209,3
245,103,2
245,1114,3
245,1246,2
245,1064,2
245,1043,4
245,1250,3
245,1189,3
245,1019,4
245,1021,4
245,1095,3
245,1075,2
245,1023,3
245,1045,4
245,1296,2
245,1220,4
245,1273,3
245,1295,3
245,1017,3
245,1033,3
245,1037,2
245,1133,2
245,1008,4
245,107,3
245,1099,2
245,1144,2
245,1235,3
245,1051,2
245,1115,3
245,1046,4
245,1042,3
245,1293,3
245,1230,2
245,1276,2
245,1204,3
245,1015,3
246,1006,3
246,1274,2
246,1254,4
246,1048,2
246,1232,4
246,1071,3
246,1058,4
246,1095,3
246,1297,5
246,1293,4
246,1188,3
246,1120,2
246,1238,4
246,1243,2
246,1053,4
246,1266,2
246,1093,3
246,1240,2
246,1165,2
246,1108,3
246,1012,3
246,1221,2
246,1206,3
246,1278,1
246,1046,2
246,104,3
246,1085,3
246,1138,2
246,1272,2
246,108,3
246,1273,3
246,1179,3
246,1172,4
246,1230,3
246,1248,4
246,1008,3
246,1078,3
246,1123,3
246,1142,4
246,1091,2
247,1259,2
247,1124,3
247,1072,3
247,1136,2
247,1100,3
247,1049,2
247,1267,2
247,1105,4
247,1287,3
247,1062,4
247,1139,2
247,1269,3
247,1141,3
247,1249,4
247,1025,3
247,1104,2
247,1004,2
247,106,4
247,1146,2
247,1046,3
247,1209,2
247,1299,3
247,1030,3
247,108,4
247,1153,2
247,1109,3
247,1015,2
247,1067,5
247,1043,3
247,1180,3
247,1028,2
247,1185,3
247,1235,2
247,1178,3
247,1273,2
247,1190,3
247,1140,3
247,1198,2
247,1117,3
247,1110,2
248,1228,3
248,1074,4
248,1108,3
248,1188,3
248,1001,3
248,1070,5
248,1143,2
248,1141,2
248,1214,3
248,1181,2
248,1135,2
248,1208,2
248,1231,3
248,1064,3
248,1010,3
248,1175,2
248,1025,3
248,1218,3
248,1044,2
248,1005,3
248,1227,2
248,1096,3
248,1023,3
248,1248,3
248,1229,4
248,1054,3
248,1177,3
248,1126,3
248,1238,2
248,1264,1
248,1109,3
248,1102,3
248,1042,3
248,1241,3
248,1154,3
248,1149,3
248,1263,2
248,1000,1
248,1087,3
248,1029,2
249,1007,3
249,1126,3
249,1256,1
249,1259,2
249,1193,3
249,1294,4
249,1111,3
249,1082,5
249,1021,3
249,1163,3
249,1181,2
249,1112,3
249,1124,2
249,104,2
249,1169,2
249,1005,2
249,1260,3
249,1066,3
249,1234,3
249,1094,3
249,1287,2
249,1206,4
249,1034,3
249,1159,2
249,1297,3
249,1222,3
249,1211,2
249,1123,3
249,105,2
249,1152,3
249,1090,3
249,1156,2
249,1202,4
249,1248,3
249,1296,2
249,1229,2
249,1247,1
249,1165,4
249,1168,3
249,1122,1
250,105,2
250,1098,5
250,1291,1
250,1083,3
250,1087,4
250,1007,2
250,1084,2
250,1203,2
250,1283,2
250,1273,4
250,108,2
250,1040,2
250,1128,3
250,1086,3
250,1195,1
250,1129,3
250,1245,2
250,1031,4
250,1023,2
250,1208,3
250,1271,4
250,1004,2
250,1028,3
250,1222,3
250,1229,2
250,1001,2
250,1102,3
250,1033,4
250,1196,3
250,1091,4
250,1220,3
250,1012,2
250,1167,1
250,106,2
250,1008,3
250,1141,3
250,1290,2
250,1093,5
250,1226,3
250,1085,3
251,1212,2
251,1206,2
251,1223,2
251,1194,2
251,1161,3
251,1079,3
251,1224,5
251,1077,4
251,1275,3
251,1147,3
251,1174,3
251,1097,3
251,1293,3
251,1242,3
251,1127,2
251,1292,3
251,1183,2
251,1003,4
251,101,3
251,1250,3
251,1271,2
251,1214,1
251,1146,2
251,102,4
251,1245,2
251,1178,2
251,1203,3
251,1078,2
251,1014,3
251,106,1
251,1044,4
251,1281,5
251,1296,2
251,1015,2
251,1076,3
251,1087,4
251,1031,2
251,1182,3
251,1145,3
251,1113,3
252,1059,4
252,104,3
252,1267,2
252,1005,3
252,1169,3
252,1280,3
252,1110,4
252,1054,3
252,1056,3
252,1129,2
252,1130,2
252,1038,3
252,1074,4
252,1288,3
252,1021,2
252,1219,2
252,1162,1
252,1298,4
252,1193,2
252,1152,3
252,1299,4
252,1060,2
252,1020,2
252,1052,4
252,1065,3
252,1116,4
252,1246,3
252,1197,3
252,1093,4
252,1030,3
252,1238,4
252,1227,3
252,1150,2
252,1293,3
252,1182,3
252,1134,2
252,1073,3
252,1025,3
252,108,3
252,1188,3
253,1046,3
253,1024,2
253,1173,4
253,1109,3
253,1161,3
253,106,4
253,1154,4
253,1040,2
253,1130,3
253,1099,2
253,1063,4
253,1043,2
253,1289,4
253,1045,3
253,1145,3
253,1113,2
253,1017,2
253,1256,3
253,1218,2
253,1240,4
253,1294,3
253,1228,3
253,1125,4
253,1230,2
253,1056,2
253,1183,4
253,1120,5
253,1059,3
253,1070,3
253,1039,3
253,1248,3
253,1271,2
253,1112,2
253,1122,4
253,1156,4
253,1268,3
253,1048,2
253,1084,3
253,104,3
253,1146,2
254,1177,2
254,1148,4
254,1102,2
254,1155,3
254,1183,2
254,1033,3
254,1291,3
254,1192,3
254,1078,5
254,1276,1
254,1073,3
254,1080,3
254,1085,4
254,1171,4
254,105,2
254,1046,2
254,1265,3
254,1172,3
254,1199,4
254,1145,3
254,1220,3
254,1274,3
254,1202,3
254,1088,3
254,1293,3
254,1120,3
254,1084,2
254,107,3
254,1038,2
254,1075,3
254,1117,3
254,1132,4
254,1036,4
254,1139,4
254,1283,3
254,1285,3
254,1081,3
254,1296,3
254,106,1
254,1205,3
255,1206,4
255,1020,3
255,1234,3
255,1215,2
255,1058,3
255,1192,3
255,1136,4
255,1103,2
255,1261,3
255,1173,3
255,106,3
255,108,2
255,1285,3
255,1158,3
255,1108,2
255,1229,3
255,1080,4
255,1094,2
255,1130,3
255,1208,4
255,1038,3
255,1219,3
255,1209,3
255,1067,3
255,1106,1
255,1048,3
255,1097,3
255,1093,2
255,1202,3
255,1050,2
255,107,2
255,1124,3
255,1039,3
255,1214,2
255,1145,4
255,1062,3
255,1042,3
255,1191,2
255,1170,3
255,1133,3
256,1168,3
256,1211,4
256,1163,3
256,1092,4
256,1248,2
256,1191,2
256,1285,3
256,1122,2
256,1221,3
256,1283,3
256,106,2
256,1076,3
256,1175,3
256,1142,4
256,1266,2
256,1181,2
256,1107,2
256,1185,3
256,1062,3
256,1206,2
256,1278,4
256,1282,3
256,1013,2
256,1135,3
256,1231,2
256,1080,2
256,1093,3
256,1256,2
256,1214,4
256,1128,3
256,1024,2
256,107,3
256,102,2
256,1296,2
256,1165,3
256,1108,3
256,1164,4
256,1152,3
256,1238,3
256,1129,3
257,1036,2
257,1257,2
257,1182,3
257,1256,3
257,1284,3
257,1009,1
257,1022,4
257,1068,3
257,1223,4
257,1235,3
257,1077,1
257,1287,4
257,1048,4
257,106,2
257,1149,3
257,1163,4
257,1012,3
257,1224,3
257,1279,2
257,1189,2
257,1002,3
257,1140,4
257,1112,2
257,1178,2
257,1202,3
257,1211,3
257,1164,5
257,1010,3
257,1108,3
257,1118,4
257,1219,2
257,1128,2
257,1209,3
257,1295,2
257,1252,2
257,1117,3
257,1100,4
257,1005,2
257,1194,3
257,1239,2
258,1003,3
258,1146,3
258,1284,3
258,1062,3
258,1063,3
258,1052,3
258,1225,3
258,1022,2
258,1126,3
258,1279,3
258,1208,2
258,1031,3
258,1271,2
258,1197,2
258,1218,2
258,1007,2
258,1200,3
258,1192,2
258,1097,3
258,1087,1
258,1023,2
258,1027,4
258,1075,2
258,1287,2
258,108,2
258,1234,5
258,1090,2
258,1289,2
258,1082,3
258,1252,3
258,1033,3
258,1282,3
258,1266,3
258,1073,2
258,1243,3
258,1053,4
258,1070,2
258,1206,2
258,1157,4
258,1096,2
259,1254,2
259,1134,3
259,1117,3
259,1019,3
259,1067,5
259,1030,3
259,1230,4
259,1267,2
259,1049,2
259,1204,3
259,1233,2
259,1249,4
259,103,3
259,1189,5
259,1184,5
259,1130,2
259,1105,2
259,1050,3
259,1167,3
259,1262,2
259,1288,3
259,1018,2
259,1044,2
259,1186,4
259,1121,5
259,1289,2
259,1064,4
259,1253,3
259,1039,2
259,1160,2
259,101,4
259,1094,3
259,1221,4
259,1015,2
259,1235,3
259,1298,1
259,1071,2
259,1203,3
259,1144,3
259,1013,2
260,1059,4
260,108,3
260,1277,3
260,1008,2
260,1263,3
260,1060,3
260,1000,3
260,1114,2
260,1053,2
260,1225,4
260,1021,2
260,1081,2
260,1207,2
260,1091,3
260,1127,4
260,1135,4
260,1129,2
260,1103,3
260,1158,3
260,1296,3
260,1187,3
260,1086,2
260,1121,2
260,1163,3
260,1259,3
260,1240,3
260,104,3
260,1033,3
260,1083,2
260,106,3
260,1143,3
260,1065,2
260,1144,4
260,1075,4
260,1183,3
260,1102,2
260,1200,4
260,1297,2
260,1001,3
260,1291,3
261,1283,2
261,1223,4
261,1247,4
261,1119,2
261,1257,2
261,1181,3
261,1133,3
261,1196,4
261,1202,4
261,1069,2
261,1093,3
261,1057,2
261,1110,3
261,1211,2
261,1011,2
261,1187,2
261,1198,3
261,1229,3
261,1262,3
261,1200,5
261,1137,1
261,1291,3
261,1029,3
261,1058,2
261,1182,2
261,1289,3
261,1150,2
261,1282,3
261,1240,3
261,1081,4
261,1061,2
261,1017,3
261,1123,1
261,1087,4
261,1260,4
261,1190,4
261,1086,4
261,1076,3
261,1280,2
261,106,2
262,1298,2
262,1035,5
262,1071,2
262,1056,2
262,1198,3
262,106,3
262,1007,2
262,103,2
262,1026,3
262,1140,3
262,1144,3
262,1017,4
262,1230,4
262,1196,3
262,1067,3
262,1148,2
262,1108,3
262,1009,2
262,1137,3
262,1280,2
262,1028,2
262,1103,2
262,1145,4
262,1052,2
262,1000,3
262,1096,3
262,1256,4
262,1286,2
262,1245,2
262,1156,3
262,1069,2
262,1270,4
262,1232,4
262,1059,3
262,1008,2
262,1294,3
262,1268,3
262,1214,4
262,1159,3
262,1188,4
263,1212,2
263,1284,3
263,1162,4
263,1237,4
263,1070,3
263,1140,3
263,104,3
263,1150,1
263,1118,2
263,1149,4
263,1243,2
263,1123,3
263,1053,3
263,1075,2
263,1154,3
263,1107,4
263,1029,1
263,1091,2
263,1238,3
263,1153,2
263,1199,5
263,1041,4
263,107,4
263,1018,3
263,1246,2
263,1242,3
263,1245,3
263,1092,2
263,1078,2
263,1171,3
263,1023,3
263,1206,3
263,1036,3
263,1286,3
263,1083,2
263,1015,3
263,1067,2
263,1290,1
263,1297,2
263,1028,2
264,1172,4
264,1188,3
264,1090,3
264,1122,2
264,1010,3
264,1029,3
264,1277,2
264,1173,4
264,1252,2
264,101,2
264,1168,3
264,1169,4
264,1270,2
264,1032,2
264,1040,2
264,1156,3
264,1223,2
264,1125,2
264,1130,2
264,1192,5
264,1179,4
264,1119,3
264,1051,4
264,1195,3
264,1016,2
264,1243,3
264,1234,4
264,102,2
264,1017,3
264,1137,2
264,106,2
264,1292,4
264,1117,4
264,107,2
264,1151,2
264,1155,3
264,1052,4
264,1268,4
264,1133,2
264,1001,2
265,1126,3
265,1002,3
265,1249,4
265,1251,4
265,1019,2
265,1213,1
265,1241,5
265,1013,3
265,1250,3
265,1277,3
265,1239,3
265,1297,3
265,1078,2
265,1052,3
265,1298,3
265,1039,3
265,1268,3
265,1136,2
265,1105,1
265,1032,2
265,1094,3
265,1066,2
265,1191,3
265,1185,4
265,1043,3
265,1041,2
265,1163,2
265,1267,2
265,1133,2
265,1275,3
265,1165,2
265,1279,3
265,1016,3
265,1167,1
265,1075,3
265,1196,2
265,1115,2
265,1087,3
265,1053,2
265,1049,2
266,102,4
266,1178,2
266,1110,1
266,107,2
266,1062,3
266,1188,3
266,1029,2
266,1265,3
266,1146,3
266,1000,3
266,1058,2
266,1183,3
266,1240,3
266,1276,2
266,1221,2
266,104,4
266,1102,2
266,1190,3
266,1256,5
266,1197,4
266,1016,4
266,1161,3
266,1018,5
266,1193,4
266,1113,2
266,1013,4
266,1194,4
266,1114,2
266,1214,3
266,105,2
266,1181,2
266,1014,4
266,1263,4
266,1036,1
266,1211,2
266,1128,2
266,1271,3
266,1292,4
266,1053,3
266,106,3
267,1138,2
267,1160,2
267,1107,3
267,1255,3
267,1038,2
267,1055,2
267,1277,4
267,1000,2
267,1279,3
267,1053,3
267,1272,4
267,1296,3
267,1191,2
267,1170,3
267,1171,3
267,1263,4
267,1100,3
267,1137,3
267,1136,2
267,1161,1
267,1195,2
267,1199,3
267,1072,2
267,1077,3
267,1297,2
267,1181,2
267,1068,2
267,1244,3
267,1245,3
267,1018,3
267,1153,2
267,1200,3
267,1186,2
267,107,3
267,1112,2
267,1201,4
267,1044,2
267,1207,3
267,1063,2
267,1150,2
268,1231,2
268,1290,3
268,1019,2
268,1155,3
268,1227,3
268,1055,3
268,1285,3
268,1032,3
268,1260,3
268,1286,3
268,1264,3
268,1195,2
268,1214,3
268,1145,2
268,1199,2
268,1289,3
268,1101,3
268,1211,3
268,1161,2
268,1190,3
268,1275,5
268,1112,1
268,1091,4
268,1157,3
268,1245,3
268,1127,2
268,1278,4
268,1194,3
268,1272,4
268,104,3
268,1183,3
268,1017,2
268,1087,2
268,1116,1
268,1236,2
268,1234,2
268,1037,4
268,1269,3
268,1117,2
268,1043,2
269,101,4
269,1025,1
269,1208,3
269,1088,3
269,1108,4
269,1081,2
269,1256,2
269,1134,2
269,1142,3
269,1062,2
269,1100,3
269,1144,3
269,1245,4
269,1028,2
269,1294,3
269,1260,2
269,1068,3
269,105,3
269,1239,3
269,1161,3
269,1156,4
269,1035,3
269,1160,5
269,1129,3
269,1167,4
269,1056,3
269,1191,3
269,1021,3
269,1218,3
269,1157,3
269,1215,2
269,1283,5
269,1027,3
269,1095,3
269,1274,2
269,1105,3
269,1055,2
269,1007,3
269,102,3
269,1193,2
270,1214,2
270,1234,3
270,1179,4
270,1251,3
270,1077,2
270,1211,2
270,1224,2
270,1207,3
270,1062,2
270,1182,2
270,1283,3
270,102,4
270,1212,2
270,1073,2
270,108,3
270,1012,4
270,1117,4
270,1199,2
270,1089,3
270,1252,3
270,1174,4
270,1198,3
270,1126,3
270,1202,2
270,1028,3
270,1136,3
270,1285,2
270,1221,2
270,1128,2
270,1153,2
270,1296,4
270,1240,2
270,1292,4
270,1098,3
270,1045,3
270,1259,3
270,1103,3
270,1284,3
270,1286,3
270,1269,4
271,1075,1
271,1062,4
271,1090,1
271,1294,2
271,1263,3
271,1147,2
271,1246,4
271,1145,2
271,1080,2
271,1074,3
271,1166,2
271,1195,4
271,1228,2
271,1250,3
271,1243,2
271,1024,3
271,1254,3
271,1248,3
271,1261,2
271,1064,4
271,1057,3
271,1096,2
271,1222,2
271,1271,2
271,1239,3
271,1021,3
271,1160,2
271,1140,3
271,1026,3
271,1190,3
271,1259,2
271,1017,4
271,1188,2
271,1031,3
271,1094,2
271,1122,5
271,1286,2
271,1181,4
271,1197,2
271,1148,3
272,1244,4
272,1172,1
272,1043,4
272,1080,3
272,1122,3
272,1232,2
272,1212,3
272,1132,3
272,103,1
272,104,3
272,1018,4
272,1189,3
272,1260,2
272,1220,2
272,1164,2
272,1258,5
272,1204,2
272,1263,2
272,1059,4
272,1141,3
272,1021,3
272,1174,3
272,1028,3
272,1187,2
272,1158,3
272,1046,3
272,1070,4
272,1081,2
272,1123,3
272,1146,3
272,1125,4
272,1027,3
272,1254,3
272,1293,2
272,1233,2
272,1143,3
272,1065,3
272,1095,2
272,1262,2
272,1200,2
273,1131,2
273,1164,3
273,1070,3
273,1276,2
273,1129,2
273,1048,3
273,1099,3
273,1177,2
273,1191,3
273,1130,2
273,1261,4
273,107,3
273,1144,3
273,1154,3
273,1013,3
273,1229,3
273,1096,2
273,1173,3
273,1185,3
273,1243,2
273,1145,5
273,1252,3
273,108,2
273,1285,1
273,1156,2
273,1247,2
273,1106,3
273,1120,3
273,1001,3
273,1291,2
273,1272,2
273,1015,2
273,1063,2
273,1213,2
273,101,1
273,1078,2
273,1067,3
273,1014,3
273,1111,3
273,1038,4
274,1078,2
274,1211,3
274,1007,4
274,1176,3
274,1272,4
274,1184,3
274,1135,2
274,1076,2
274,1227,2
274,1207,3
274,1238,2
274,1141,2
274,1256,4
274,1099,4
274,1042,3
274,1219,5
274,1090,4
274,102,2
274,1188,3
274,1198,2
274,1085,1
274,1294,3
274,1101,3
274,1036,4
274,1182,2
274,1039,4
274,1263,2
274,1038,4
274,1231,3
274,1268,1
274,1248,2
274,1068,2
274,1142,3
274,1067,3
274,1187,2
274,1177,3
274,1166,3
274,1280,3
274,1151,5
274,1204,2
275,1270,3
275,1268,3
275,1012,3
275,1223,4
275,1099,3
275,1228,3
275,1255,1
275,1025,3
275,1172,4
275,1290,3
275,1156,2
275,1244,2
275,1021,2
275,1277,2
275,1289,4
275,1146,2
275,1181,3
275,1253,1
275,1191,4
275,1077,3
275,1199,3
275,1273,3
275,1250,2
275,1126,1
275,1254,1
275,1218,2
275,1202,3
275,1097,3
275,1260,3
275,1003,4
275,1071,2
275,1000,3
275,1237,1
275,1196,2
275,1032,3
275,1069,4
275,1113,1
275,1295,2
275,1047,4
275,1084,3
276,1224,2
276,1015,4
276,1116,4
276,1153,2
276,1014,3
276,1207,3
276,1243,4
276,1159,3
276,1227,3
276,1253,2
276,1203,2
276,1257,2
276,1107,4
276,1089,2
276,1165,3
276,1173,3
276,1220,3
276,107,3
276,1241,2
276,1218,3
276,1112,4
276,1043,2
276,1079,3
276,1103,2
276,1157,2
276,1160,2
276,1166,1
276,1013,4
276,1154,2
276,1217,2
276,1008,3
276,1175,4
276,1057,4
276,1039,3
276,1260,3
276,1236,3
276,1105,2
276,1256,3
276,1132,2
276,1135,3
277,1142,2
277,1004,4
277,1110,4
277,1208,2
277,1210,2
277,1144,2
277,1003,4
277,1025,3
277,1213,2
277,1103,3
277,1060,5
277,1155,2
277,1237,2
277,1247,5
277,1251,3
277,1098,2
277,1052,2
277,1173,3
277,1290,2
277,1179,3
277,1223,2
277,1074,3
277,1299,3
277,1067,5
277,1216,2
277,1111,4
277,1045,3
277,1252,2
277,1193,3
277,1278,3
277,1011,3
277,1061,4
277,1281,3
277,1037,3
277,1161,3
277,1180,4
277,1147,4
277,1075,4
277,1108,3
277,1081,5
278,1108,3
278,1145,2
278,1132,5
278,1237,2
278,1189,3
278,1021,2
278,1294,3
278,1122,1
278,1279,3
278,1096,4
278,1241,3
278,1222,3
278,1139,4
278,1005,2
278,1057,2
278,1056,2
278,1266,3
278,1199,4
278,1115,3
278,1095,3
278,1006,3
278,1069,4
278,1209,2
278,1170,3
278,1007,3
278,1286,3
278,1291,2
278,1188,2
278,1087,3
278,1051,2
278,1277,2
278,1088,3
278,1204,3
278,1185,3
278,1223,3
278,1227,4
278,1055,3
278,1299,3
278,1203,2
278,1214,3
279,1149,3
279,1063,3
279,1184,3
279,1018,2
279,1048,3
279,1273,3
279,1188,3
279,1118,4
279,1242,2
279,1057,3
279,1186,2
279,1103,4
279,1026,5
279,1282,3
279,1291,2
279,1174,4
279,1187,3
279,1163,3
279,1290,2
279,1072,4
279,1085,4
279,1240,3
279,1216,2
279,1126,2
279,1039,4
279,1144,4
279,1015,3
279,1005,3
279,1102,3
279,1272,3
279,1157,2
279,102,3
279,1083,5
279,1167,3
279,1024,3
279,1098,2
279,1130,2
279,1139,2
279,1122,2
279,1196,2
280,1116,3
280,1035,4
280,1151,4
280,1097,4
280,1290,2
280,1158,4
280,1039,4
280,1025,3
280,1120,1
280,1109,3
280,1213,5
280,1238,2
280,1265,2
280,1203,3
280,1079,2
280,1045,1
280,108,3
280,1240,3
280,1272,4
280,1031,4
280,1225,3
280,1041,3
280,1015,2
280,1199,3
280,1260,3
280,1155,4
280,1208,2
280,1146,2
280,1057,3
280,1161,3
280,1224,2
280,1019,3
280,1200,3
280,102,2
280,1065,4
280,1211,5
280,1288,2
280,1093,4
280,1117,3
280,1028,4
281,1292,3
281,1058,3
281,1086,3
281,1082,3
281,1016,2
281,1182,3
281,1185,3
281,1063,4
281,1006,2
281,1040,4
281,1015,3
281,1030,3
281,1050,3
281,1098,2
281,1123,3
281,1265,3
281,1149,2
281,1099,3
281,1106,5
281,1286,3
281,1043,4
281,1090,4
281,1108,4
281,1081,3
281,1178,2
281,1084,2
281,1256,2
281,1051,3
281,1101,5
281,1073,4
281,1116,5
281,1298,2
281,1122,2
281,1163,4
281,1202,2
281,1137,2
281,1162,2
281,1056,3
281,1102,5
281,1147,2
282,1118,4
282,1253,2
282,1023,2
282,1205,2
282,1145,3
282,1045,3
282,1128,3
282,1234,4
282,1181,3
282,1104,4
282,1119,4
282,1199,3
282,1289,2
282,1073,3
282,1139,2
282,1218,2
282,1130,3
282,1193,3
282,1214,3
282,1154,3
282,1111,4
282,1165,2
282,1098,2
282,1279,2
282,1200,2
282,1057,3
282,1287,2
282,1274,3
282,1070,3
282,1140,4
282,1095,4
282,1190,3
282,1244,3
282,1295,3
282,1069,3
282,1144,2
282,1044,3
282,1235,4
282,1033,3
282,1072,3
283,1022,3
283,1233,4
283,1077,3
283,103,3
283,1040,3
283,1132,3
283,1266,2
283,1208,3
283,1238,2
283,1275,2
283,1001,4
283,1276,2
283,1063,3
283,1189,3
283,1285,2
283,1098,3
283,1052,2
283,1059,3
283,1054,2
283,1138,3
283,1195,1
283,1092,3
283,1295,3
283,1144,4
283,1218,2
283,1086,2
283,1157,3
283,1134,3
283,1065,3
283,1288,3
283,1076,3
283,1190,3
283,1143,3
283,1168,2
283,1199,2
283,1097,3
283,1089,3
283,1298,2
283,1047,3
283,1227,3
284,1131,4
284,1102,3
284,1235,4
284,1206,3
284,1238,3
284,1097,2
284,1132,4
284,1265,3
284,1043,3
284,1136,4
284,1015,4
284,1280,4
284,1271,3
284,1127,3
284,1037,2
284,1023,3
284,1028,3
284,1214,3
284,1244,3
284,1299,3
284,1011,2
284,1029,3
284,1120,4
284,1270,3
284,1038,3
284,1045,2
284,1197,4
284,106,2
284,1288,3
284,1294,3
284,1034,3
284,1004,3
284,1016,4
284,1151,3
284,1074,4
284,1069,3
284,1263,2
284,1279,2
284,1205,2
284,1052,4
285,1000,3
285,1061,3
285,1147,5
285,1229,3
285,103,3
285,1074,3
285,1258,3
285,1276,3
285,1037,2
285,1140,5
285,1039,2
285,1053,1
285,1059,3
285,1265,4
285,1227,1
285,1145,4
285,1154,2
285,1240,4
285,1030,3
285,1101,3
285,1215,2
285,1235,1
285,1253,3
285,1180,3
285,1243,2
285,1186,3
285,1142,5
285,1211,3
285,1088,3
285,1028,3
285,1114,2
285,1275,2
285,1032,3
285,1011,2
285,1247,2
285,1146,5
285,1048,1
285,1054,2
285,1287,3
285,1138,3
286,1181,3
286,1046,2
286,1294,3
286,1166,2
286,1213,4
286,1223,2
286,1170,5
286,1197,3
286,1098,4
286,1179,3
286,1178,3
286,1250,2
286,1143,3
286,1066,4
286,1086,3
286,1221,2
286,1036,4
286,1225,2
286,1071,2
286,1191,3
286,1198,2
286,1060,2
286,1177,4
286,1199,2
286,1005,3
286,1124,3
286,1187,3
286,105,3
286,1235,3
286,1003,3
286,1013,2
286,1034,4
286,1142,3
286,1132,3
286,1048,3
286,1105,2
286,103,2
286,1185,3
286,1252,3
286,1207,3
287,1275,3
287,1129,3
287,1223,3
287,1051,3
287,1108,4
287,1182,2
287,1044,5
287,1118,2
287,1169,4
287,1007,3
287,1152,3
287,1091,3
287,1155,3
287,1218,2
287,1066,2
287,1076,2
287,1263,2
287,1295,2
287,1059,3
287,104,2
287,1215,2
287,1140,4
287,1052,1
287,1176,3
287,1242,2
287,1276,1
287,1012,2
287,1298,2
287,1229,3
287,1260,2
287,1115,2
287,1006,2
287,1057,3
287,1268,2
287,1000,3
287,1029,2
287,1004,4
287,1145,3
287,1139,3
287,1160,4
288,1286,2
288,108,3
288,1155,3
288,1161,3
288,1274,2
288,1157,3
288,1168,2
288,1244,2
288,1182,3
288,1295,4
288,1284,3
288,1148,3
288,1002,2
288,1270,3
288,1134,2
288,1087,2
288,101,3
288,1206,2
288,1212,2
288,1282,3
288,1017,1
288,1144,3
288,1175,4
288,1070,4
288,1258,3
288,1211,3
288,1185,3
288,1026,3
288,1016,3
288,1190,2
288,1207,2
288,1227,3
288,1115,4
288,1111,4
288,1223,2
288,1131,3
288,1219,2
288,1014,2
288,1034,3
288,1196,2
289,1047,1
289,1159,3
289,1265,2
289,1165,2
289,1153,2
289,1226,3
289,1136,2
289,1291,3
289,1006,4
289,1188,5
289,1081,2
289,1247,4
289,1280,2
289,1185,4
289,108,4
289,1075,2
289,1134,3
289,1076,3
289,1180,4
289,1223,4
289,1023,1
289,1114,3
289,1101,3
289,1105,3
289,1065,4
289,1299,3
289,1141,3
289,1175,3
289,1084,3
289,1034,2
289,1156,2
289,1267,2
289,1063,4
289,1260,1
289,1190,3
289,1107,3
289,1015,2
289,1135,3
289,1002,4
289,1214,3
290,1116,3
290,1100,2
290,1183,4
290,1107,3
290,1242,2
290,1241,3
290,1035,3
290,1023,2
290,102,3
290,1021,2
290,1003,2
290,1086,3
290,1289,3
290,1166,3
290,1212,4
290,1042,2
290,1184,2
290,1066,1
290,1135,3
290,1244,3
290,1024,2
290,1255,4
290,1180,3
290,1173,3
290,1299,3
290,1150,2
290,1222,4
290,1288,3
290,1065,3
290,1108,3
290,101,2
290,1138,3
290,1168,2
290,1103,2
290,1061,3
290,1111,3
290,1034,3
290,1189,3
290,1231,3
290,1230,3
291,1236,3
291,1272,2
291,1218,3
291,1004,3
291,1189,3
291,1210,4
291,1096,2
291,1163,3
291,1117,2
291,1061,2
291,1069,2
291,1093,2
291,1240,1
291,1055,3
291,1268,4
291,1174,2
291,1291,2
291,1071,2
291,1028,3
291,1062,2
291,1185,2
291,1256,2
291,1137,2
291,1254,3
291,1180,3
291,1204,4
291,1104,3
291,1246,3
291,1034,3
291,1138,2
291,1151,3
291,1090,2
291,1003,2
291,1012,3
291,1006,1
291,1224,4
291,1164,3
291,1283,2
291,1267,3
291,1281,3
292,1241,2
292,1085,2
292,1135,3
292,1153,4
292,1168,3
292,1104,3
292,1119,3
292,1242,3
292,1179,2
292,1192,3
292,1152,3
292,1189,3
292,1232,3
292,1202,3
292,1125,2
292,1262,3
292,1217,4
292,1253,4
292,1142,3
292,1293,2
292,1210,4
292,1073,2
292,1076,3
292,1134,2
292,1287,3
292,1139,2
292,1180,3
292,1053,2
292,1003,2
292,1149,3
292,1200,4
292,1062,1
292,103,2
292,1203,2
292,1288,4
292,1058,3
292,1282,3
292,1206,3
292,1159,3
292,1188,3
293,1183,4
293,1051,1
293,1258,3
293,1141,2
293,1018,2
293,1226,4
293,1004,2
293,1096,3
293,1109,4
293,1263,4
293,1060,2
293,1039,2
293,1223,4
293,1276,2
293,1065,2
293,1116,3
293,1090,4
293,1219,3
293,1071,3
293,1020,4
293,1282,3
293,1130,2
293,1154,2
293,1024,2
293,1194,3
293,1241,2
293,1196,4
293,107,2
293,1092,2
293,1200,4
293,1104,5
293,1063,2
293,1210,3
293,1094,2
293,103,4
293,1049,4
293,1026,2
293,1062,3
293,1069,4
293,1005,3
294,1066,2
294,1125,2
294,1181,3
294,1039,3
294,1280,2
294,1102,3
294,1183,3
294,1017,3
294,101,3
294,1031,3
294,1047,3
294,1161,3
294,1141,3
294,1192,3
294,1048,2
294,1235,5
294,1168,3
294,1263,2
294,1022,4
294,1268,3
294,1016,2
294,1260,2
294,1252,1
294,1287,3
294,1010,4
294,1138,3
294,1122,2
294,1026,2
294,1023,2
294,1136,2
294,1131,3
294,1115,4
294,1024,2
294,1170,5
294,1199,2
294,1189,4
294,1166,3
294,1030,2
294,1101,2
294,1089,2
295,1189,5
295,1216,3
295,1174,2
295,1288,3
295,1258,4
295,1095,3
295,1093,2
295,1073,2
295,1203,2
295,1025,3
295,1235,2
295,1013,2
295,1156,3
295,1006,3
295,1162,4
295,1266,3
295,1098,2
295,1183,4
295,1089,3
295,1122,3
295,1268,3
295,1026,2
295,1293,2
295,1170,2
295,1208,2
295,1159,3
295,1217,2
295,1068,4
295,1271,4
295,1181,4
295,1118,3
295,1178,2
295,1114,2
295,1295,3
295,1252,3
295,1075,4
295,1136,2
295,1190,3
295,1196,3
295,1064,3
296,1280,3
296,1233,1
296,1056,3
296,105,2
296,1225,3
296,1106,2
296,1276,3
296,1077,3
296,1239,2
296,1235,3
296,1232,2
296,1051,3
296,1053,2
296,1248,3
296,1141,2
296,1063,3
296,1155,2
296,1057,2
296,1238,3
296,1250,4
296,1191,4
296,1093,2
296,101,3
296,1023,2
296,1218,3
296,1034,3
296,1066,2
296,1029,3
296,1016,3
296,1064,2
296,1134,3
296,1091,3
296,1143,1
296,1140,1
296,1242,4
296,1102,4
296,1018,3
296,1170,2
296,1220,3
296,1040,3
297,107,3
297,1226,3
297,1002,2
297,1177,2
297,1137,3
297,1236,2
297,1116,3
297,1207,4
297,1017,2
297,1050,3
297,1163,2
297,1244,4
297,1292,4
297,1034,2
297,1160,2
297,1011,3
297,1041,3
297,1014,2
297,1027,4
297,1195,3
297,1069,3
297,1206,4
297,105,4
297,1007,2
297,1250,4
297,1008,3
297,1060,2
297,1197,3
297,1170,2
297,1278,3
297,1284,3
297,1098,2
297,1125,3
297,1231,2
297,1164,3
297,1298,3
297,1225,3
297,1276,3
297,1096,3
297,1104,2
298,1064,3
298,1002,2
298,1271,5
298,1192,1
298,1017,3
298,1036,5
298,1147,3
298,1185,2
298,1000,3
298,1155,4
298,1293,2
298,1004,2
298,1278,4
298,1165,2
298,1135,3
298,1098,4
298,1065,3
298,1245,3
298,1050,3
298,1197,3
298,1095,3
298,1021,3
298,1093,3
298,1112,3
298,1207,3
298,1103,2
298,1187,3
298,1298,3
298,1094,5
298,107,3
298,1037,4
298,1011,3
298,1018,3
298,1261,2
298,1296,2
298,1025,2
298,1275,5
298,1219,3
298,1258,3
298,102,2
299,1169,4
299,1104,3
299,1029,3
299,1037,2
299,1010,2
299,1170,2
299,1272,3
299,1100,4
299,1117,2
299,105,2
299,1213,3
299,1246,3
299,1095,3
299,1221,4
299,1249,3
299,1140,3
299,1063,2
299,1040,4
299,1277,3
299,1291,3
299,1055,2
299,1149,2
299,1208,2
299,1111,2
299,1234,2
299,1200,3
299,1174,3
299,1006,3
299,1045,3
299,1199,2
299,1240,3
299,1210,1
299,1237,3
299,1042,4
299,1252,2
299,1245,3
299,1195,2
299,1056,2
299,1263,3
299,1269,4
300,1237,5
300,1230,4
300,1069,2
300,1214,3
300,1157,2
300,1245,3
300,1186,2
300,1143,3
300,1004,3
300,1273,4
300,1088,1
300,1277,3
300,1181,2
300,1264,4
300,1154,3
300,1007,3
300,1029,3
300,1140,3
300,1055,4
300,1217,3
300,1047,2
300,1190,2
300,1160,2
300,1239,4
300,1274,2
300,1290,4
300,1284,4
300,1027,3
300,1063,1
300,1294,4
300,1172,3
300,1194,3
300,1171,3
300,1039,4
300,1265,4
300,1033,3
300,1050,3
300,1149,3
300,1261,4
300,1211,3
301,1188,4
301,1078,3
301,1013,4
301,107,4
301,1247,3
301,1092,3
301,1002,3
301,1061,3
301,1125,3
301,1080,3
301,1189,4
301,1208,3
301,1063,4
301,1124,4
301,1285,2
301,1223,3
301,1178,3
301,1114,4
301,1232,2
301,1139,3
301,1004,4
301,1159,3
301,1245,3
301,1039,3
301,1133,2
301,1148,3
301,1192,2
301,1297,3
301,1180,4
301,1200,3
301,1122,4
301,1017,2
301,1186,4
301,1269,2
301,1244,3
301,1098,2
301,1177,3
301,1147,4
301,1121,3
301,1182,3
302,1279,3
302,1103,4
302,1120,3
302,1145,3
302,1116,2
302,1212,2
302,1297,2
302,1164,3
302,1266,2
302,1008,2
302,1174,2
302,1004,4
302,1148,2
302,1155,1
302,1022,3
302,1176,3
302,1081,3
302,1264,3
302,1129,3
302,1197,3
302,1229,3
302,1076,3
302,105,2
302,1018,3
302,1226,3
302,1092,2
302,1135,4
302,1080,2
302,1282,3
302,1015,5
302,1231,3
302,1220,2
302,1108,3
302,1242,3
302,1064,4
302,1294,3
302,1153,3
302,1130,4
302,1168,3
302,103,2
303,1068,3
303,1274,2
303,1214,3
303,1186,3
303,1085,2
303,1168,4
303,1048,3
303,1018,3
303,1260,3
303,1178,3
303,1245,3
303,1106,2
303,1262,4
303,1090,2
303,1275,3
303,1171,2
303,1170,3
303,1141,4
303,1167,3
303,1033,3
303,1124,4
303,1212,4
303,1012,3
303,1291,2
303,1110,3
303,1157,3
303,1040,4
303,1032,3
303,1236,3
303,1147,4
303,1175,3
303,1152,4
303,1104,3
303,1224,3
303,1008,3
303,1205,4
303,1061,2
303,1234,1
303,1087,4
303,1270,3
304,1160,2
304,1294,3
304,1268,2
304,1065,2
304,1056,3
304,1206,3
304,1217,4
304,1108,2
304,1043,3
304,1080,3
304,1102,3
304,1135,2
304,1109,2
304,1263,3
304,1276,3
304,1011,3
304,1149,3
304,1249,1
304,1168,2
304,1038,3
304,1141,2
304,1069,2
304,1021,2
304,1066,3
304,1181,3
304,1116,3
304,1197,3
304,1144,3
304,1179,4
304,1015,3
304,1275,3
304,1081,2
304,1113,3
304,1046,3
304,1118,3
304,1122,3
304,1059,4
304,1233,2
304,1177,3
304,1218,3
305,1034,5
305,1019,3
305,1249,4
305,1242,3
305,1109,3
305,1071,3
305,1072,3
305,1042,5
305,1295,2
305,1273,2
305,1118,2
305,1195,2
305,1282,4
305,1030,3
305,1156,2
305,1218,2
305,1103,3
305,1227,4
305,1214,3
305,1239,4
305,1050,3
305,1005,4
305,1175,2
305,1062,2
305,1281,3
305,1255,3
305,1223,4
305,1241,2
305,101,3
305,1141,3
305,1169,4
305,1296,3
305,1033,3
305,1183,2
305,1092,3
305,1020,3
305,1122,2
305,1132,2
305,1154,3
305,1018,3
306,1152,2
306,1043,3
306,1116,3
306,1117,4
306,1135,3
306,1184,3
306,1022,3
306,1271,3
306,1150,2
306,1073,1
306,1068,4
306,102,2
306,1042,2
306,1112,4
306,1266,2
306,1272,3
306,1078,3
306,1177,3
306,1080,2
306,1008,2
306,1273,2
306,1092,3
306,1031,2
306,1190,3
306,1259,3
306,1054,4
306,1202,3
306,1105,2
306,1204,2
306,105,2
306,1113,4
306,1267,3
306,1281,2
306,1036,4
306,1237,4
306,1186,3
306,1299,3
306,107,3
306,1230,3
306,1253,2
307,1247,4
307,1032,1
307,1112,3
307,1216,3
307,1220,2
307,1051,2
307,1248,4
307,1204,2
307,1064,5
307,1209,2
307,1115,4
307,1291,3
307,1173,2
307,1197,2
307,1046,3
307,1060,5
307,1187,4
307,1217,3
307,1270,2
307,1104,3
307,1004,4
307,1182,3
307,1178,1
307,1245,4
307,1098,3
307,1226,3
307,1042,3
307,1092,3
307,1260,2
307,1236,2
307,1138,3
307,1015,3
307,1076,2
307,1063,4
307,1103,4
307,1139,3
307,1186,4
307,1027,3
307,1146,3
307,1144,2
308,1108,2
308,1032,2
308,1168,2
308,1287,3
308,1084,2
308,1066,3
308,1296,3
308,1050,2
308,1077,4
308,1239,3
308,1021,3
308,1188,2
308,1160,2
308,1298,3
308,1106,3
308,1135,5
308,1024,3
308,1014,4
308,1127,3
308,1017,4
308,1185,2
308,1288,3
308,1040,2
308,1033,3
308,1270,3
308,1223,3
308,1079,3
308,1057,1
308,1254,4
308,1072,4
308,1237,3
308,1055,3
308,1257,4
308,1090,2
308,1002,3
308,1036,2
308,1266,3
308,1220,2
308,1290,2
308,1197,4
309,1078,3
309,1297,4
309,1228,3
309,1179,4
309,1172,3
309,1221,2
309,1083,3
309,1204,4
309,1044,2
309,1206,4
309,1148,4
309,1202,4
309,1103,3
309,1241,1
309,1279,3
309,1251,3
309,1028,3
309,1037,2
309,1285,2
309,1100,4
309,1261,3
309,1294,2
309,1289,1
309,1291,3
309,1019,3
309,1192,2
309,1263,4
309,1077,3
309,1016,3
309,1050,2
309,1098,4
309,107,1
309,1247,3
309,1031,3
309,1210,3
309,1244,3
309,1170,3
309,1088,4
309,1079,3
309,1191,3
310,1299,2
310,1086,3
310,1157,3
310,1277,3
310,1026,3
310,1122,2
310,1244,3
310,1207,3
310,1083,3
310,1046,2
310,1085,3
310,1088,2
310,1199,3
310,1011,3
310,1054,1
310,1269,3
310,1194,3
310,1111,4
310,1284,3
310,1298,2
310,1125,2
310,1175,3
310,1124,3
310,1042,2
310,1098,4
310,1276,3
310,1120,2
310,1154,4
310,1040,2
310,1152,3
310,1191,2
310,1103,2
310,1018,3
310,1116,3
310,105,3
310,1232,3
310,1196,3
310,1258,3
310,1164,3
310,1015,2
311,1260,2
311,1109,5
311,1023,2
311,1202,3
311,1117,3
311,1086,3
311,1112,3
311,1214,3
311,1152,2
311,1149,3
311,108,2
311,1040,4
311,1270,3
311,1043,4
311,1150,4
311,1140,3
311,1129,3
311,1078,4
311,1143,2
311,1275,2
311,1130,3
311,1071,3
311,1007,2
311,1072,4
311,1135,2
311,1180,3
311,104,2
311,1299,2
311,1216,2
311,1171,2
311,1038,2
311,1052,3
311,1255,2
311,1210,3
311,1025,3
311,1164,4
311,1205,3
311,1132,2
311,105,3
311,1286,4
312,1039,3
312,1283,2
312,1120,2
312,1025,3
312,1269,2
312,1090,3
312,1000,4
312,1110,4
312,1148,2
312,1056,4
312,1135,2
312,1068,3
312,1142,3
312,102,2
312,1185,3
312,1209,2
312,1082,3
312,1254,2
312,1088,4
312,1130,2
312,1201,2
312,1089,3
312,1095,3
312,1145,4
312,1256,2
312,1267,3
312,1109,4
312,1113,4
312,1123,3
312,1098,2
312,1233,4
312,1181,2
312,1044,3
312,1261,3
312,1187,3
312,1215,2
312,1122,2
312,1011,3
312,1251,3
312,1214,3
313,1095,2
313,103,4
313,1011,2
313,1295,3
313,1293,2
313,1166,4
313,1132,4
313,1061,4
313,1273,2
313,1252,3
313,1225,3
313,1100,3
313,1137,3
313,1197,3
313,1185,4
313,1256,2
313,1214,2
313,1212,3
313,1222,3
313,1267,2
313,1288,2
313,1124,4
313,1000,4
313,1201,2
313,1046,4
313,1226,2
313,1003,3
313,1213,4
313,1291,2
313,1018,2
313,1035,2
313,1125,5
313,1217,3
313,1034,2
313,1033,2
313,1005,4
313,1102,3
313,1260,2
313,1221,2
313,1044,3
314,1279,3
314,1214,1
314,1028,3
314,1233,3
314,1266,2
314,1292,3
314,1077,5
314,1161,3
314,1220,3
314,1055,3
314,1145,3
314,1009,2
314,1058,2
314,1020,3
314,1115,3
314,1267,2
314,1157,3
314,1243,3
314,1211,1
314,1080,3
314,1184,2
314,1146,4
314,1255,4
314,1202,3
314,1119,2
314,1256,4
314,1139,4
314,1285,2
314,1117,2
314,1200,2
314,1278,3
314,1018,3
314,1189,2
314,1092,2
314,1254,4
314,1171,3
314,1105,3
314,1001,2
314,1035,2
314,1003,3
315,1037,4
315,1236,2
315,1016,2
315,1221,3
315,1104,2
315,1055,2
315,1220,2
315,1146,5
315,1135,4
315,1174,3
315,1228,2
315,1211,3
315,1080,3
315,1203,3
315,1061,2
315,1190,3
315,1117,3
315,1192,1
315,1219,2
315,1267,3
315,1152,3
315,1013,2
315,1252,3
315,1275,3
315,1242,2
315,1245,2
315,1127,4
315,1183,3
315,1131,2
315,1138,4
315,1114,3
315,1249,3
315,1163,3
315,1062,2
315,1292,1
315,1173,3
315,1089,3
315,1227,3
315,1121,3
315,1006,3
316,1084,2
316,1094,3
316,1058,2
316,1202,3
316,1212,3
316,1008,2
316,107,2
316,1010,2
316,1125,3
316,1230,3
316,1006,2
316,1284,2
316,1032,3
316,1027,2
316,1022,2
316,1117,3
316,1149,3
316,1291,2
316,1177,3
316,1207,3
316,1031,2
316,1299,3
316,1298,2
316,1248,2
316,1282,2
316,1294,2
316,1196,2
316,1152,3
316,1033,4
316,1036,4
316,1272,4
316,1044,3
316,1154,3
316,1249,3
316,1102,3
316,1221,2
316,1133,4
316,1197,2
316,1210,3
316,1151,4
317,1071,2
317,1026,2
317,1121,3
317,1020,1
317,1173,2
317,1102,4
317,1037,3
317,1264,2
317,1190,3
317,1184,3
317,1008,3
317,1149,4
317,1240,2
317,1222,4
317,1116,3
317,1101,4
317,1274,3
317,1294,4
317,1038,4
317,1224,4
317,1248,2
317,1165,4
317,1077,3
317,1125,4
317,1225,3
317,1145,3
317,1146,3
317,1057,2
317,102,2
317,1088,3
317,1159,3
317,1126,4
317,1136,2
317,1044,3
317,1000,2
317,1107,4
317,1250,2
317,1238,1
317,1174,4
317,1034,2
318,1275,2
318,1184,3
318,1161,3
318,1176,4
318,1257,2
318,1048,2
318,1227,3
318,1168,4
318,1083,2
318,1102,2
318,1267,3
318,1097,1
318,1041,2
318,1292,4
318,1104,3
318,1151,3
318,1264,3
318,1284,3
318,1038,3
318,1272,3
318,1013,3
318,1020,2
318,1092,3
318,1025,2
318,1124,3
318,1189,2
318,1088,3
318,1057,3
318,1080,2
318,1072,3
318,1044,2
318,1181,3
318,1286,2
318,1229,4
318,1115,3
318,1018,3
318,1024,2
318,1255,2
318,1152,3
318,1071,2
319,1298,1
319,1128,3
319,1166,3
319,1070,3
319,1020,2
319,1205,3
319,1149,2
319,1034,2
319,1044,4
319,1003,3
319,1206,3
319,1045,3
319,1187,5
319,1186,5
319,1039,3
319,1000,4
319,1022,3
319,1261,3
319,1059,2
319,1073,2
319,1120,4
319,1060,3
319,1055,2
319,1199,2
319,1266,2
319,1064,4
319,1249,3
319,1056,3
319,1069,4
319,1247,4
319,1174,2
319,1197,4
319,1079,3
319,1283,2
319,1066,5
319,1007,4
319,1262,3
319,1091,2
319,1130,4
319,1246,3
320,1256,3
320,1196,4
320,1000,3
320,1186,3
320,1014,4
320,1139,3
320,1274,2
320,1006,1
320,1080,2
320,1085,2
320,1126,3
320,107,3
320,1206,4
320,1175,2
320,1145,3
320,1236,4
320,1222,3
320,1166,2
320,1013,4
320,1288,3
320,1003,2
320,1123,2
320,1034,1
320,1249,3
320,1291,2
320,1250,4
320,1161,2
320,1215,3
320,1192,5
320,1124,2
320,1096,2
320,1010,3
320,1040,3
320,1191,4
320,1160,3
320,1173,2
320,1212,4
320,1060,2
320,1104,3
320,1255,3
321,1117,2
321,1278,2
321,1078,3
321,1283,1
321,1140,3
321,1149,4
321,1029,4
321,1293,2
321,1054,3
321,1124,3
321,1227,4
321,1280,3
321,1016,2
321,1177,2
321,1111,2
321,1217,3
321,1057,3
321,1279,2
321,1114,2
321,1175,3
321,1039,2
321,1201,3
321,1234,2
321,1102,3
321,1020,4
321,1161,3
321,1105,3
321,1056,2
321,1193,3
321,1244,2
321,105,3
321,1276,2
321,1122,1
321,1253,2
321,1256,2
321,1198,3
321,1262,4
321,1203,5
321,1186,4
321,1068,3
322,1168,3
322,1160,3
322,1299,3
322,1073,2
322,1249,3
322,1242,2
322,1132,2
322,1267,2
322,1226,3
322,1133,2
322,1036,4
322,1024,3
322,1141,3
322,1261,2
322,1189,2
322,1072,3
322,1211,5
322,1219,5
322,1157,4
322,1053,3
322,1052,2
322,1244,2
322,1209,3
322,1123,3
322,1163,3
322,1106,3
322,1129,2
322,1200,3
322,1174,2
322,1154,4
322,1028,2
322,1175,2
322,1215,5
322,1151,4
322,1049,2
322,1198,3
322,1217,5
322,1263,3
322,1298,3
322,1210,4
323,1028,2
323,1162,2
323,1104,4
323,1216,4
323,1115,2
323,1183,3
323,1261,4
323,1196,4
323,1240,2
323,1045,4
323,1169,5
323,1159,2
323,1125,3
323,1131,2
323,1205,3
323,1000,3
323,1168,3
323,1117,3
323,1291,2
323,1070,3
323,1193,4
323,1012,2
323,1215,3
323,1128,3
323,1198,3
323,1062,2
323,1245,2
323,1061,2
323,1016,2
323,1097,2
323,1194,2
323,1145,2
323,1285,4
323,1024,3
323,1046,3
323,1298,3
323,1263,3
323,1170,2
323,1201,4
323,1219,3
324,1025,2
324,1225,2
324,1239,4
324,1183,3
324,1181,4
324,1027,2
324,1070,2
324,1285,3
324,1133,2
324,1145,3
324,1041,1
324,1149,2
324,1076,2
324,1165,1
324,1097,2
324,1043,3
324,1211,4
324,1269,2
324,1083,3
324,1258,2
324,1117,4
324,1256,3
324,1164,3
324,1284,3
324,1235,2
324,1131,3
324,1217,3
324,1219,3
324,1214,4
324,1171,3
324,1186,2
324,1155,3
324,1290,4
324,1010,2
324,1238,4
324,1001,3
324,1177,4
324,1158,2
324,1147,2
324,1126,2
325,1080,3
325,1172,1
325,1179,3
325,1231,2
325,1248,4
325,1164,2
325,1197,2
325,1122,4
325,1045,2
325,1106,2
325,1167,3
325,1130,2
325,1241,4
325,1150,3
325,1040,3
325,1193,3
325,1265,2
325,1160,2
325,1183,4
325,1101,2
325,1152,2
325,1069,3
325,1113,2
325,1066,3
325,1266,3
325,1182,3
325,1170,3
325,1274,3
325,1001,3
325,1290,4
325,1168,2
325,1240,4
325,1298,3
325,1146,2
325,1177,2
325,1042,3
325,1201,2
325,1198,3
325,1014,3
325,1071,3
326,1190,4
326,1043,2
326,1001,2
326,1031,2
326,1227,2
326,1170,2
326,1007,2
326,1012,4
326,1045,3
326,1216,3
326,1010,4
326,1188,3
326,1285,3
326,1130,5
326,1286,4
326,1009,2
326,1242,3
326,1270,3
326,1213,3
326,1297,4
326,1083,3
326,1262,3
326,1152,2
326,1042,3
326,1195,3
326,1071,3
326,1048,3
326,1178,1
326,1288,3
326,1113,3
326,1273,3
326,1291,2
326,1209,3
326,1219,1
326,1197,4
326,1119,2
326,1172,3
326,1093,2
326,1211,3
326,1241,1
327,106,2
327,1018,2
327,1225,3
327,1108,2
327,1178,3
327,1215,2
327,1279,3
327,1070,2
327,1191,3
327,1004,2
327,1254,3
327,1081,5
327,1167,2
327,1084,3
327,1204,4
327,1113,2
327,1233,2
327,1294,3
327,1127,1
327,1026,4
327,1064,2
327,1251,2
327,1259,3
327,1211,2
327,1290,4
327,1045,3
327,1037,2
327,1056,3
327,1057,3
327,1092,3
327,1077,3
327,1030,3
327,1157,2
327,1073,2
327,1185,2
327,1034,2
327,1047,3
327,1291,2
327,1242,2
327,1271,3
328,1266,3
328,1135,2
328,1246,3
328,1033,3
328,1125,2
328,1187,3
328,1060,2
328,1076,2
328,1006,1
328,1030,5
328,1259,3
328,1116,3
328,1093,3
328,1157,3
328,1128,2
328,1022,3
328,1041,2
328,1048,3
328,1086,3
328,1218,3
328,1078,3
328,1269,4
328,1098,4
328,1191,3
328,106,2
328,1092,3
328,101,3
328,1252,4
328,1238,2
328,1194,3
328,1141,3
328,1231,3
328,1239,2
328,1015,2
328,1285,3
328,1207,3
328,1214,3
328,1047,3
328,1270,5
328,1113,2
329,1281,5
329,1241,3
329,108,2
329,1109,3
329,1144,3
329,1058,3
329,1164,3
329,1050,3
329,1297,3
329,1222,4
329,1019,3
329,1055,2
329,1274,4
329,1027,4
329,1183,2
329,1278,3
329,1285,5
329,1043,3
329,1088,3
329,1195,2
329,1270,4
329,1064,3
329,1288,4
329,1192,4
329,1229,4
329,106,3
329,1228,4
329,1133,3
329,1081,2
329,1052,2
329,1162,4
329,1118,2
329,1026,3
329,1298,2
329,1119,2
329,1062,4
329,1166,4
329,1079,2
329,1197,2
329,102,3
330,1284,3
330,1161,3
330,1180,2
330,1254,4
330,1290,3
330,1238,4
330,1281,2
330,1288,3
330,107,3
330,1104,3
330,1165,2
330,1224,3
330,1043,2
330,1244,4
330,1033,3
330,1240,2
330,1005,3
330,1090,2
330,1008,2
330,1168,2
330,1202,3
330,1248,2
330,1223,2
330,1021,3
330,1285,3
330,1147,3
330,1029,2
330,1058,3
330,1121,3
330,1187,2
330,103,3
330,1160,3
330,1039,1
330,1192,3
330,1268,4
330,1110,4
330,1276,3
330,1294,4
330,1156,2
330,1098,3
331,1014,3
331,1292,3
331,1147,2
331,1216,2
331,1103,2
331,1051,4
331,1269,2
331,1039,2
331,1168,2
331,1190,2
331,1002,4
331,1166,3
331,1140,2
331,1075,2
331,1239,1
331,1018,4
331,1224,2
331,1296,3
331,1290,1
331,1176,2
331,1288,3
331,1145,2
331,1236,2
331,1203,3
331,1052,4
331,1045,4
331,1047,3
331,1286,2
331,1234,3
331,1192,2
331,1149,2
331,1222,3
331,1177,2
331,1171,2
331,1206,3
331,1228,2
331,1068,3
331,1254,2
331,1281,3
331,1225,3
332,1231,2
332,1293,2
332,1086,3
332,1219,3
332,1027,3
332,1035,3
332,1020,2
332,1216,3
332,1114,2
332,1175,3
332,1055,3
332,1058,3
332,1275,2
332,1297,3
332,1206,3
332,1080,2
332,1087,1
332,1008,4
332,1200,2
332,1268,4
332,1077,3
332,1139,4
332,1095,1
332,1075,4
332,1110,3
332,1090,3
332,1115,2
332,1018,4
332,1065,3
332,1102,2
332,1109,2
332,1121,3
332,1135,5
332,1186,2
332,1003,3
332,1197,4
332,1006,3
332,1185,3
332,1281,3
332,1124,2
333,1059,3
333,1178,4
333,1162,3
333,1007,4
333,1237,3
333,1277,2
333,1209,4
333,1273,2
333,1263,4
333,1220,2
333,1270,2
333,1195,2
333,1006,3
333,1084,4
333,1013,3
333,1109,4
333,1294,2
333,1058,3
333,1078,2
333,1054,3
333,1119,3
333,1030,3
333,1238,2
333,1009,3
333,1039,3
333,1158,2
333,1278,3
333,1197,3
333,1204,4
333,1098,2
333,1295,3
333,1287,3
333,1268,3
333,1233,3
333,1281,3
333,1260,4
333,1239,2
333,1073,3
333,1257,3
333,1246,3
334,1026,2
334,1020,5
334,1129,3
334,1199,3
334,1204,2
334,1059,3
334,1230,2
334,1155,3
334,1001,3
334,1042,2
334,1174,2
334,1079,3
334,1284,3
334,1221,3
334,1121,2
334,1133,3
334,1018,3
334,1109,2
334,1195,3
334,1238,3
334,1265,2
334,1166,3
334,1141,4
334,1269,3
334,1088,3
334,1095,5
334,107,2
334,1285,3
334,1182,2
334,1251,1
334,1244,2
334,1064,3
334,1113,2
334,1276,5
334,1102,3
334,106,3
334,1210,4
334,1017,3
334,1037,5
334,1124,2
335,1182,1
335,1157,3
335,1055,3
335,1031,3
335,1211,2
335,1100,5
335,1219,2
335,1034,4
335,1136,3
335,1299,2
335,1076,3
335,1001,4
335,1230,2
335,1163,4
335,1227,3
335,1146,3
335,1048,4
335,1150,2
335,1085,3
335,1145,2
335,1279,2
335,1231,2
335,1113,2
335,1290,2
335,1202,3
335,1073,2
335,1189,3
335,1058,3
335,1169,4
335,1032,3
335,1256,1
335,1271,3
335,1027,4
335,1083,2
335,1286,4
335,1232,2
335,1222,4
335,1112,3
335,1214,2
335,1228,3
336,1236,4
336,1204,2
336,1057,5
336,1139,3
336,1077,2
336,1199,4
336,1187,3
336,1062,2
336,1056,4
336,1179,4
336,1125,2
336,1296,3
336,1070,2
336,1008,3
336,1105,2
336,1203,2
336,1298,4
336,1110,3
336,1019,3
336,1035,2
336,1129,2
336,1022,2
336,1043,2
336,1162,3
336,1067,4
336,1230,3
336,1115,4
336,1047,4
336,1050,4
336,1227,2
336,1086,3
336,1085,2
336,1194,2
336,1151,3
336,1025,3
336,1124,3
336,1243,3
336,1160,3
336,1207,2
336,1284,2
337,1011,3
337,1020,2
337,1213,2
337,1145,1
337,1224,3
337,1200,2
337,1026,3
337,1151,3
337,1146,2
337,1066,4
337,1223,3
337,1249,5
337,1242,4
337,1119,3
337,1158,3
337,1154,3
337,1125,3
337,1018,3
337,1137,3
337,1082,4
337,1055,2
337,1197,2
337,1244,4
337,1298,2
337,1065,5
337,1023,3
337,1218,2
337,1178,3
337,1129,4
337,1284,3
337,1107,3
337,1092,3
337,1148,3
337,1110,3
337,1286,3
337,1196,3
337,1292,2
337,1001,4
337,1133,3
337,1155,3
338,1059,2
338,1159,2
338,1041,4
338,1006,2
338,1241,3
338,1037,2
338,1179,3
338,1174,2
338,1158,2
338,1265,1
338,1247,2
338,1019,4
338,1292,4
338,1128,3
338,1018,3
338,1131,4
338,1069,4
338,1145,2
338,1166,3
338,1193,4
338,1148,3
338,1028,4
338,1032,2
338,1295,3
338,1072,5
338,1182,3
338,1036,2
338,1156,1
338,1111,2
338,1253,3
338,1010,4
338,1240,2
338,1256,5
338,1030,3
338,1038,3
338,1119,3
338,1168,3
338,1002,3
338,1170,3
338,1106,4
339,1279,4
339,1189,4
339,1248,2
339,1175,3
339,1207,3
339,1296,3
339,1220,2
339,1227,1
339,1031,3
339,1148,4
339,1089,4
339,1102,3
339,1208,3
339,1004,2
339,1250,2
339,1013,3
339,1295,3
339,1011,2
339,1047,3
339,1014,3
339,1032,2
339,1137,3
339,1205,3
339,1041,3
339,1017,2
339,1299,1
339,1068,4
339,1240,3
339,1254,3
339,1260,3
339,1277,2
339,1042,2
339,1267,3
339,1098,3
339,1135,2
339,1192,3
339,1050,2
339,1116,2
339,1276,3
339,1259,2
340,1196,2
340,1219,3
340,1258,3
340,1298,2
340,1291,2
340,1283,4
340,1182,3
340,1044,3
340,1122,2
340,1169,2
340,1137,2
340,1272,4
340,1096,4
340,1202,2
340,1228,1
340,1032,3
340,1125,2
340,1190,3
340,1238,3
340,1126,4
340,1280,2
340,1010,2
340,1214,4
340,1186,3
340,1261,3
340,1255,3
340,1205,2
340,1222,2
340,1027,3
340,1279,3
340,1164,3
340,1243,3
340,1043,2
340,1035,4
340,1209,3
340,1147,2
340,1173,2
340,1212,3
340,1015,2
340,1171,3
341,1164,4
341,1156,3
341,1004,2
341,1021,4
341,1167,4
341,1143,2
341,1294,3
341,1008,2
341,1251,2
341,1010,3
341,1280,4
341,1292,2
341,1273,3
341,1098,3
341,1282,3
341,1245,3
341,1197,2
341,1226,4
341,1113,4
341,1258,3
341,1253,2
341,1236,3
341,1061,4
341,1150,3
341,1185,2
341,1041,4
341,1192,3
341,1101,5
341,107,3
341,1095,4
341,1136,2
341,1119,4
341,1261,2
341,1104,4
341,1022,3
341,1006,1
341,1007,3
341,1289,4
341,1032,2
341,1141,3
342,1014,3
342,1126,3
342,1044,3
342,1256,2
342,1076,4
342,1251,3
342,107,3
342,1164,2
342,1027,4
342,1203,3
342,1198,3
342,1212,3
342,1269,2
342,1050,4
342,1084,4
342,1103,4
342,1288,3
342,1057,4
342,1241,2
342,1261,2
342,1275,2
342,1142,3
342,1133,3
342,1240,3
342,1009,3
342,1290,4
342,1277,2
342,1187,2
342,1091,3
342,1205,3
342,1034,1
342,1159,3
342,1063,4
342,1234,4
342,1192,3
342,1157,2
342,1274,3
342,1136,3
342,1147,3
342,1071,3
343,1153,4
343,1185,4
343,1298,3
343,1065,3
343,1147,4
343,1240,3
343,1201,2
343,1278,4
343,1274,2
343,1100,3
343,1140,3
343,1024,3
343,1015,3
343,1104,2
343,1126,5
343,1032,2
343,1135,2
343,1039,3
343,1093,3
343,1027,3
343,1256,3
343,1045,2
343,1048,3
343,1279,2
343,1151,3
343,105,4
343,1167,4
343,1035,1
343,1110,2
343,1072,3
343,1051,1
343,1219,2
343,1292,2
343,102,4
343,1150,4
343,1222,2
343,1011,3
343,1249,4
343,1176,3
343,1204,1
344,1139,3
344,1037,3
344,1087,2
344,1199,4
344,1145,4
344,1028,2
344,103,2
344,1189,2
344,1000,2
344,1106,2
344,1077,4
344,1210,3
344,1222,3
344,1171,3
344,1111,2
344,1025,3
344,1276,4
344,1015,4
344,1170,2
344,1242,3
344,1195,4
344,1115,2
344,1036,3
344,1010,3
344,1033,3
344,1005,3
344,1265,2
344,1162,3
344,1143,3
344,1200,3
344,1040,3
344,1076,4
344,1156,3
344,1107,2
344,1194,4
344,1011,3
344,1190,3
344,1002,2
344,1023,3
344,1135,3
345,1134,4
345,1004,2
345,1079,2
345,1039,3
345,1129,3
345,1138,2
345,1142,5
345,1036,2
345,1174,4
345,1163,3
345,1295,2
345,1208,4
345,1221,1
345,1135,4
345,1108,2
345,1110,3
345,1111,2
345,1257,1
345,1147,5
345,1281,3
345,1200,3
345,1167,3
345,1183,1
345,1074,2
345,1109,3
345,1282,2
345,1047,2
345,1237,2
345,1005,2
345,1100,2
345,1176,3
345,1116,3
345,101,2
345,1020,2
345,1151,4
345,1291,2
345,1290,3
345,1084,4
345,1188,3
345,1198,1
346,1191,3
346,1217,3
346,1009,2
346,1212,3
346,104,3
346,1179,4
346,1178,4
346,1278,4
346,1043,3
346,1236,2
346,1109,2
346,1155,3
346,1228,2
346,1056,3
346,1052,3
346,1054,2
346,1190,2
346,1061,3
346,1165,4
346,1004,4
346,1193,3
346,1292,3
346,1277,4
346,1088,1
346,1181,3
346,1126,4
346,1146,4
346,1197,3
346,1098,3
346,1295,3
346,1265,3
346,1297,2
346,1221,2
346,108,2
346,1044,3
346,1143,3
346,1159,4
346,1176,3
346,1240,4
346,103,2
347,101,1
347,1016,2
347,1276,3
347,1254,2
347,1063,2
347,1090,3
347,1263,2
347,1147,2
347,1184,3
347,1285,3
347,1018,2
347,1279,3
347,1199,2
347,1236,2
347,1057,3
347,1092,3
347,1103,3
347,1029,3
347,1023,2
347,1127,3
347,1126,3
347,1262,3
347,1055,3
347,1244,2
347,1230,3
347,1117,2
347,1203,2
347,1177,2
347,1154,2
347,1206,1
347,1027,3
347,1062,3
347,1056,3
347,1028,4
347,1272,3
347,1061,1
347,1002,3
347,1202,2
347,1101,4
347,1033,2
348,1290,3
348,1125,3
348,1282,3
348,1156,4
348,1076,3
348,1087,3
348,1152,3
348,1086,2
348,1204,2
348,1123,3
348,1124,3
348,1146,4
348,1258,4
348,1134,2
348,1119,4
348,1211,3
348,1269,3
348,1214,3
348,1251,2
348,1049,3
348,1051,5
348,1030,3
348,1150,3
348,1105,3
348,1015,2
348,1210,2
348,1004,3
348,1279,2
348,1247,4
348,1237,4
348,1035,3
348,1162,4
348,1154,4
348,1170,4
348,1296,4
348,1020,3
348,1190,2
348,1077,2
348,1238,4
348,1263,3
349,1129,3
349,1035,2
349,1029,4
349,1024,2
349,1237,3
349,1102,2
349,1192,2
349,1225,3
349,107,4
349,1103,2
349,1262,2
349,1209,3
349,1067,3
349,1173,3
349,1193,4
349,1229,3
349,1212,3
349,1045,3
349,1044,3
349,1074,3
349,1178,2
349,1276,3
349,1141,2
349,1097,3
349,1098,2
349,1007,5
349,108,3
349,1270,3
349,1013,2
349,1177,3
349,1195,3
349,1119,2
349,1008,4
349,1252,3
349,1066,3
349,1287,2
349,1077,2
349,1121,4
349,1278,2
349,1063,4
350,1178,3
350,1033,2
350,1008,2
350,1254,4
350,1050,3
350,1147,3
350,1267,3
350,1123,2
350,1057,3
350,1211,3
350,1080,2
350,1098,2
350,1016,4
350,107,3
350,1099,2
350,1206,4
350,106,3
350,1223,3
350,1060,3
350,1058,3
350,1115,2
350,1156,2
350,1011,4
350,1070,3
350,1262,3
350,1110,2
350,102,3
350,1089,3
350,1131,3
350,1064,2
350,1132,4
350,1093,3
350,1225,2
350,1161,3
350,1096,2
350,1286,2
350,1214,3
350,1285,3
350,1278,4
350,1007,3
351,1200,4
351,1285,1
351,1204,3
351,1042,3
351,1091,2
351,1054,2
351,1160,3
351,1075,3
351,1161,2
351,1182,3
351,1073,3
351,1117,3
351,1060,2
351,1274,4
351,1016,3
351,1158,2
351,1249,3
351,1272,2
351,1090,3
351,1225,2
351,1219,3
351,1147,3
351,1112,3
351,1171,1
351,1130,2
351,1021,5
351,1148,5
351,1246,4
351,1199,3
351,1081,5
351,1166,2
351,1093,3
351,1297,2
351,1178,3
351,1015,2
351,1046,2
351,1036,2
351,1051,3
351,1155,2
351,1251,2
352,1219,4
352,1245,2
352,1298,3
352,1037,4
352,1046,2
352,1088,3
352,1221,4
352,1295,3
352,1272,3
352,1106,2
352,1001,2
352,1148,2
352,1161,4
352,1231,3
352,1202,3
352,1065,3
352,1218,5
352,1120,3
352,1158,4
352,1045,4
352,1036,3
352,1191,3
352,101,1
352,1273,3
352,1283,2
352,1174,2
352,1263,2
352,1284,1
352,1229,3
352,1011,1
352,1047,4
352,1170,2
352,1077,3
352,1084,3
352,1051,2
352,1097,4
352,1095,3
352,1186,3
352,1259,3
352,1296,2
353,1279,3
353,1254,3
353,1195,4
353,1045,3
353,1271,3
353,1124,3
353,1112,3
353,1286,4
353,1231,3
353,1194,3
353,1116,2
353,1018,2
353,1283,4
353,105,2
353,103,3
353,1232,2
353,1113,2
353,1246,2
353,1292,2
353,1137,2
353,1290,2
353,1144,2
353,1133,2
353,1152,2
353,1228,4
353,1121,2
353,1150,3
353,1048,4
353,1014,2
353,1223,5
353,1198,4
353,1289,4
353,1079,1
353,1210,3
353,1061,3
353,1189,5
353,1167,4
353,1110,2
353,1173,2
353,1282,3
354,1190,3
354,1040,2
354,1090,2
354,1153,3
354,1005,2
354,102,2
354,1243,3
354,1252,2
354,1265,2
354,1103,3
354,1290,3
354,1072,3
354,1068,3
354,1089,2
354,1093,2
354,1248,2
354,1156,2
354,1136,3
354,107,4
354,1112,4
354,1088,3
354,1201,3
354,1289,3
354,1292,4
354,1166,3
354,1058,5
354,1275,2
354,1162,4
354,1014,2
354,1087,3
354,1106,2
354,1036,3
354,1062,3
354,1193,3
354,1092,1
354,1073,2
354,1226,2
354,1113,3
354,1152,3
354,1161,3
355,108,3
355,1206,3
355,1158,3
355,1007,5
355,1216,3
355,1199,3
355,1044,2
355,1070,3
355,1078,3
355,1068,5
355,1269,3
355,1113,3
355,1005,3
355,1178,1
355,1189,4
355,1143,1
355,1137,1
355,1277,4
355,1172,4
355,1119,3
355,103,4
355,1123,4
355,1181,2
355,1157,3
355,1166,2
355,1289,3
355,1162,2
355,1018,3
355,1056,1
355,1200,3
355,1100,1
355,1211,3
355,104,5
355,1247,5
355,1241,4
355,1267,3
355,1151,3
355,1102,4
355,1110,2
355,1062,5
356,1226,3
356,1215,2
356,1298,3
356,1235,2
356,1075,4
356,1050,2
356,1187,2
356,1085,3
356,1029,2
356,1274,3
356,1091,2
356,1113,3
356,1110,2
356,1293,2
356,1297,3
356,1072,3
356,1287,5
356,1185,2
356,1067,3
356,1049,4
356,102,2
356,1164,2
356,1106,2
356,1004,3
356,1237,2
356,1035,3
356,1073,5
356,1080,3
356,1205,2
356,1013,4
356,1020,1
356,1278,3
356,1056,3
356,1066,2
356,1253,5
356,1111,2
356,1229,2
356,1219,3
356,1135,4
356,1224,4
357,1167,3
357,1082,3
357,1177,2
357,1228,3
357,1103,2
357,1223,2
357,1273,3
357,1230,3
357,1120,3
357,1232,3
357,1245,2
357,1272,3
357,1266,4
357,1125,2
357,108,2
357,1218,3
357,102,3
357,1131,2
357,1205,4
357,1154,3
357,1237,3
357,1231,2
357,1226,2
357,1019,3
357,1214,3
357,1036,2
357,1064,2
357,1255,3
357,1248,3
357,1224,2
357,1070,3
357,1271,3
357,1148,4
357,1071,2
357,1196,2
357,1259,3
357,1023,5
357,1298,3
357,1061,2
357,1254,4
358,1001,3
358,1035,4
358,1287,4
358,1276,4
358,1125,3
358,1002,3
358,1259,3
358,1217,4
358,102,3
358,1052,2
358,1233,2
358,101,3
358,1255,4
358,1196,3
358,1240,3
358,1044,3
358,1179,2
358,1079,1
358,1012,3
358,1237,3
358,1231,3
358,1020,3
358,1138,3
358,1021,2
358,1137,3
358,1107,2
358,1209,3
358,1272,4
358,1288,2
358,1182,3
358,1218,3
358,1297,2
358,1186,3
358,1223,2
358,1069,3
358,1142,3
358,1203,2
358,1034,5
358,1019,3
358,1159,4
359,1122,2
359,1077,2
359,1169,3
359,1069,3
359,1188,2
359,1124,2
359,1076,3
359,1020,3
359,1136,2
359,1034,2
359,1199,3
359,1137,4
359,1049,3
359,1170,3
359,1100,4
359,1217,3
359,1141,2
359,1012,3
359,1179,2
359,1039,3
359,1088,2
359,1114,2
359,1226,4
359,1109,4
359,1219,3
359,1208,3
359,1194,2
359,1285,5
359,1221,4
359,1186,3
359,1265,3
359,1050,2
359,1184,2
359,103,3
359,1263,3
359,1155,2
359,1167,3
359,1246,3
359,1037,2
359,1146,3
360,1275,2
360,1156,3
360,1297,4
360,1105,2
360,1076,2
360,1031,3
360,1116,4
360,1174,5
360,1287,4
360,1202,2
360,1052,3
360,1248,3
360,1099,2
360,1018,3
360,1224,3
360,1093,2
360,1132,2
360,1264,3
360,105,3
360,1012,3
360,1071,3
360,1067,3
360,1206,3
360,1127,2
360,1169,3
360,1245,3
360,1060,3
360,1163,2
360,1161,2
360,1143,2
360,1271,3
360,1075,2
360,1286,4
360,1256,3
360,1239,4
360,1272,3
360,1044,2
360,1064,3
360,1024,3
360,1136,2
361,1027,4
361,1112,2
361,1134,3
361,103,4
361,1051,3
361,1061,3
361,1289,4
361,1101,1
361,1204,3
361,102,4
361,1160,2
361,1214,2
361,1085,3
361,1224,2
361,1162,4
361,1024,3
361,1098,3
361,1120,4
361,1184,4
361,1119,2
361,1256,3
361,1005,4
361,1048,2
361,1070,2
361,1262,3
361,1138,3
361,1142,3
361,1237,2
361,1116,3
361,1208,3
361,1170,3
361,1200,2
361,1052,4
361,1176,3
361,1201,3
361,1275,3
361,1197,3
361,1059,4
361,1114,1
361,1023,3
362,1194,5
362,1205,2
362,1031,4
362,1155,2
362,1144,3
362,1169,3
362,1253,4
362,1161,3
362,1254,4
362,1197,3
362,1184,2
362,1110,2
362,1173,3
362,1213,2
362,1158,2
362,1143,1
362,1032,3
362,1259,4
362,1006,4
362,1076,4
362,1274,3
362,1082,2
362,1165,3
362,1063,2
362,1030,2
362,1079,4
362,1268,2
362,1187,3
362,1291,2
362,1013,5
362,1153,2
362,1131,3
362,1191,3
362,1293,3
362,1261,2
362,1150,1
362,1081,2
362,1266,2
362,1248,1
362,1072,4
363,1221,1
363,1279,2
363,1107,3
363,1129,1
363,1216,3
363,1032,3
363,104,3
363,1200,4
363,1085,4
363,1266,3
363,1108,2
363,1105,3
363,1128,2
363,1169,3
363,1180,3
363,1237,2
363,1116,4
363,1167,2
363,1209,5
363,1080,3
363,1090,2
363,1058,3
363,1223,3
363,1247,3
363,1010,2
363,1020,4
363,1122,3
363,1161,3
363,1101,2
363,1165,3
363,1263,3
363,1174,4
363,1291,2
363,1232,3
363,1103,3
363,1023,3
363,1056,3
363,1228,3
363,1104,2
363,1079,4
364,1255,3
364,1127,3
364,1212,4
364,1247,4
364,1108,2
364,1098,4
364,1087,3
364,1083,3
364,1028,3
364,1075,2
364,1137,3
364,1270,3
364,1161,3
364,1172,3
364,1265,2
364,1230,2
364,1216,4
364,1006,3
364,106,3
364,1208,2
364,1074,2
364,1114,1
364,1126,2
364,1152,4
364,1290,1
364,1295,3
364,1134,3
364,1073,3
364,1207,3
364,1132,3
364,1008,3
364,1241,3
364,1203,3
364,1004,3
364,1276,4
364,1296,3
364,1157,3
364,1097,3
364,1022,2
364,1035,5
365,1289,3
365,1143,2
365,1172,3
365,1245,3
365,1166,3
365,1282,4
365,1167,4
365,1283,4
365,1181,3
365,1180,2
365,1005,3
365,1157,2
365,1114,2
365,1190,2
365,1060,3
365,1280,3
365,1034,4
365,1218,3
365,1050,3
365,1145,2
365,1255,4
365,1178,3
365,1138,2
365,1030,4
365,1278,3
365,1106,5
365,1168,4
365,1074,2
365,1152,2
365,1059,5
365,1179,3
365,1065,3
365,1023,1
365,1224,3
365,1263,2
365,1248,3
365,1075,3
365,1193,2
365,1041,4
365,1026,3
366,1037,3
366,1274,2
366,1011,3
366,1177,4
366,1076,3
366,1173,4
366,1236,4
366,1284,3
366,1154,2
366,1290,3
366,1282,2
366,1023,2
366,1005,3
366,1136,2
366,1121,2
366,1061,4
366,1113,3
366,1070,2
366,1158,2
366,1146,2
366,1200,2
366,105,2
366,1036,3
366,1275,2
366,1296,4
366,1050,4
366,1096,2
366,1111,4
366,1126,3
366,1249,2
366,1179,3
366,1234,3
366,1027,3
366,1095,2
366,1101,3
366,1299,4
366,1213,3
366,1082,2
366,1228,2
366,1210,2
367,1069,5
367,1111,3
367,1212,2
367,1196,3
367,1242,4
367,1019,3
367,1145,2
367,1027,2
367,1239,3
367,1035,3
367,106,4
367,1103,3
367,1272,3
367,1280,3
367,1039,2
367,1050,3
367,1251,2
367,1237,2
367,1140,3
367,1010,2
367,1156,3
367,1007,4
367,1049,3
367,1114,2
367,1097,2
367,1073,4
367,1003,4
367,1119,3
367,1131,3
367,1126,3
367,1295,3
367,1180,3
367,1006,3
367,1244,4
367,1031,3
367,1123,4
367,1257,2
367,1235,2
367,1192,2
367,1168,2
368,1195,3
368,1117,4
368,1062,3
368,1118,3
368,1103,4
368,1228,3
368,1022,2
368,1006,3
368,1244,2
368,1047,2
368,1154,2
368,1259,4
368,105,2
368,1005,3
368,1288,3
368,1245,2
368,1025,3
368,1132,2
368,1016,5
368,1278,2
368,1207,4
368,1093,3
368,1119,3
368,1085,3
368,1102,3
368,1144,2
368,1007,1
368,1199,3
368,1164,2
368,1265,2
368,1243,2
368,1142,3
368,1138,4
368,1269,2
368,1261,3
368,1274,3
368,1090,3
368,1079,5
368,1116,3
368,1231,3
369,1151,3
369,1203,4
369,1207,4
369,1132,3
369,1256,3
369,1212,3
369,1237,2
369,1128,3
369,1042,2
369,1193,3
369,1110,3
369,1243,3
369,1037,3
369,1058,3
369,1011,2
369,1196,3
369,1108,3
369,1046,2
369,1226,2
369,1162,2
369,1168,4
369,1078,3
369,1286,3
369,1218,3
369,1238,3
369,1054,2
369,1125,3
369,1175,1
369,1254,4
369,1146,3
369,103,3
369,1044,2
369,1048,3
369,1129,3
369,1121,3
369,1032,3
369,1181,3
369,1216,2
369,1083,4
369,1270,2
370,1165,3
370,1282,2
370,1173,3
370,1202,3
370,1209,3
370,1006,2
370,105,3
370,1110,3
370,104,3
370,1036,3
370,1039,4
370,1299,2
370,1203,3
370,1062,3
370,1069,3
370,1246,2
370,1068,3
370,1104,3
370,1259,2
370,1184,2
370,1292,2
370,1233,3
370,1128,2
370,1056,3
370,1042,3
370,1219,4
370,1098,4
370,1191,2
370,1263,2
370,1265,2
370,1180,3
370,1020,4
370,1289,2
370,1158,5
370,1222,2
370,1002,3
370,1291,2
370,1091,5
370,1124,3
370,1007,2
371,1235,3
371,1173,2
371,1214,2
371,1058,2
371,1167,3
371,1078,3
371,1248,2
371,104,3
371,107,2
371,1049,4
371,1204,2
371,1026,5
371,1220,4
371,1096,3
371,1130,2
371,1148,2
371,1228,4
371,1288,4
371,1137,2
371,1155,2
371,1291,3
371,1086,2
371,1111,3
371,1152,3
371,1052,4
371,1201,4
371,1100,5
371,1274,2
371,1108,4
371,1075,3
371,1208,2
371,1134,2
371,1255,2
371,1241,1
371,1038,2
371,1015,2
371,1019,2
371,1219,2
371,1230,3
371,1276,3
372,1158,3
372,1185,3
372,1132,3
372,1225,2
372,1233,5
372,1041,2
372,1034,2
372,1166,1
372,1257,3
372,1278,2
372,1058,4
372,1025,2
372,1260,2
372,1231,4
372,1011,2
372,1259,3
372,1296,3
372,1134,1
372,1029,2
372,102,3
372,1241,2
372,1287,3
372,1053,4
372,1051,4
372,1205,3
372,1030,3
372,1145,3
372,1197,3
372,1123,2
372,1122,2
372,1187,3
372,1033,2
372,1044,3
372,1290,4
372,1250,1
372,1115,5
372,1022,3
372,1226,3
372,1177,3
372,1147,3
373,1067,4
373,1269,3
373,1212,2
373,1176,3
373,1096,2
373,1273,2
373,1102,2
373,1284,3
373,1227,2
373,1024,3
373,1201,2
373,1149,3
373,1198,3
373,1263,2
373,1060,4
373,1047,2
373,101,3
373,108,4
373,1088,3
373,1233,3
373,105,3
373,1295,3
373,1002,4
373,1220,2
373,1015,2
373,1117,2
373,1241,3
373,1258,2
373,1023,2
373,1262,2
373,1254,3
373,1205,2
373,1214,2
373,1288,3
373,1107,3
373,1076,2
373,1010,2
373,1247,4
373,1009,2
373,1255,1
374,1021,1
374,1102,3
374,1056,1
374,1191,5
374,1122,3
374,1168,4
374,1079,4
374,1182,4
374,1218,3
374,1106,3
374,1115,2
374,106,3
374,1008,3
374,1228,1
374,1124,3
374,1012,4
374,1187,3
374,1108,1
374,1163,3
374,1036,3
374,1213,3
374,1255,5
374,1167,3
374,1067,3
374,1068,3
374,1131,3
374,1230,3
374,1196,3
374,1237,2
374,1180,2
374,1054,2
374,1277,2
374,1094,3
374,1238,3
374,1286,3
374,1295,2
374,1004,2
374,1023,2
374,1175,3
374,1099,3
375,1092,2
375,1055,3
375,1267,4
375,1255,3
375,1099,3
375,1265,4
375,1135,3
375,1179,3
375,1196,4
375,1034,2
375,1057,2
375,1176,3
375,1241,2
375,1272,2
375,107,3
375,1129,3
375,1229,2
375,1104,2
375,1217,2
375,1043,2
375,1295,1
375,1260,4
375,1182,1
375,1050,3
375,1236,2
375,1207,3
375,1284,2
375,1189,2
375,1268,3
375,1000,3
375,1143,5
375,1181,3
375,1174,3
375,1149,3
375,1146,4
375,1065,3
375,1041,2
375,1180,3
375,1242,2
375,1105,2
376,1161,3
376,106,2
376,1194,3
376,1215,3
376,1214,4
376,1260,3
376,1199,2
376,1010,3
376,1198,2
376,1226,3
376,1106,2
376,1144,3
376,1245,2
376,1205,2
376,1233,3
376,1039,3
376,1282,2
376,1287,3
376,1264,2
376,1211,3
376,1118,2
376,1064,3
376,1278,4
376,1290,3
376,1175,3
376,1037,3
376,101,2
376,1110,2
376,1262,4
376,1163,3
376,1086,2
376,1150,5
376,1067,2
376,1232,1
376,1187,2
376,1078,3
376,1070,3
376,1044,2
376,1158,4
376,1172,3
377,1096,4
377,1137,3
377,1250,3
377,1223,3
377,1129,3
377,1280,4
377,1101,4
377,1298,3
377,1025,3
377,1210,2
377,1192,2
377,103,2
377,1041,4
377,1289,4
377,1055,2
377,1009,3
377,106,3
377,1146,2
377,1272,1
377,1257,3
377,1212,3
377,1194,2
377,1003,2
377,1218,3
377,1098,3
377,1070,2
377,1203,2
377,1150,3
377,1147,4
377,1221,4
377,1277,3
377,1284,3
377,1093,3
377,1232,4
377,1255,3
377,1174,3
377,1177,2
377,1135,4
377,1038,3
377,1239,3
378,1269,2
378,1147,3
378,1222,3
378,1218,3
378,1038,3
378,1295,3
378,1262,2
378,1268,3
378,1249,2
378,1113,4
378,1219,2
378,1132,3
378,1117,4
378,1127,4
378,1173,4
378,1014,2
378,1198,3
378,1252,3
378,1155,3
378,1101,2
378,1012,2
378,1194,3
378,1072,2
378,1157,3
378,1021,2
378,1068,2
378,1114,4
378,1015,2
378,1253,3
378,1284,3
378,1294,3
378,1191,4
378,1135,3
378,1193,3
378,1076,2
378,1105,2
378,1144,4
378,1110,4
378,1175,4
378,1120,3
379,1027,2
379,1280,3
379,1014,3
379,1013,2
379,1146,2
379,1054,2
379,1152,3
379,1258,3
379,1105,2
379,1102,2
379,1182,5
379,1059,3
379,1270,3
379,1204,3
379,1197,4
379,101,3
379,1043,3
379,1106,4
379,1255,2
379,1153,3
379,1005,3
379,1077,2
379,1292,2
379,1165,3
379,1238,2
379,1090,2
379,1257,2
379,106,4
379,1046,3
379,1007,3
379,1086,3
379,1142,1
379,1173,3
379,1230,2
379,1040,4
379,1269,2
379,1039,3
379,1183,4
379,1278,3
379,1020,2
380,1299,3
380,1208,2
380,1034,2
380,1070,3
380,1294,4
380,1104,2
380,1098,2
380,1063,2
380,1030,3
380,1091,2
380,1135,3
380,1287,3
380,1172,3
380,1075,4
380,1061,3
380,1013,4
380,1280,1
380,1127,2
380,1018,4
380,1101,2
380,1236,3
380,1029,2
380,1233,3
380,1245,3
380,1177,3
380,1259,3
380,1276,3
380,1170,3
380,1189,2
380,1071,5
380,1221,2
380,1122,2
380,1268,2
380,104,2
380,1190,4
380,1196,4
380,1046,3
380,1026,3
380,1084,2
380,1204,2
381,1276,2
381,1250,3
381,1045,2
381,1002,3
381,1290,2
381,1190,4
381,1047,3
381,1284,3
381,1199,3
381,1272,2
381,1016,3
381,1139,2
381,1175,2
381,1007,3
381,1168,3
381,1075,2
381,1037,2
381,1025,4
381,1064,3
381,1017,3
381,1103,1
381,1208,4
381,104,2
381,1257,2
381,1054,2
381,1132,3
381,1044,2
381,1277,3
381,107,2
381,1121,2
381,1122,2
381,1200,5
381,1013,4
381,1269,3
381,1030,2
381,1247,3
381,1123,2
381,1011,3
381,1274,3
381,1112,2
382,1224,2
382,1199,3
382,1191,3
382,1035,3
382,1299,2
382,1168,2
382,1091,4
382,1014,3
382,1041,2
382,1192,3
382,1138,2
382,1245,2
382,1063,3
382,1260,3
382,1197,4
382,1055,2
382,1232,3
382,1142,3
382,1184,3
382,1257,3
382,1155,4
382,1290,3
382,108,3
382,1060,3
382,1190,3
382,1058,3
382,1220,2
382,1053,2
382,1062,2
382,1268,2
382,1196,2
382,1214,4
382,105,2
382,1089,3
382,1149,3
382,1297,2
382,1259,3
382,1057,2
382,1130,2
382,1272,5
383,1108,4
383,1161,5
383,1093,3
383,1036,3
383,1088,3
383,1052,2
383,1255,2
383,1131,2
383,1182,3
383,1203,4
383,1000,2
383,1160,3
383,1109,4
383,1139,2
383,1068,3
383,1116,3
383,1056,3
383,1055,3
383,104,2
383,1035,3
383,1067,3
383,1288,4
383,1130,3
383,1124,2
383,1107,3
383,1047,3
383,1133,3
383,1030,2
383,1135,2
383,1007,3
383,1267,4
383,1240,2
383,1254,3
383,1105,3
383,1127,2
383,1092,3
383,1230,3
383,1238,4
383,1294,2
383,1270,2
384,1244,2
384,1068,3
384,1153,3
384,1151,2
384,1143,2
384,1087,2
384,1057,3
384,1156,2
384,1095,4
384,1159,3
384,1051,4
384,1026,4
384,1230,4
384,1261,2
384,1277,3
384,1275,3
384,1004,2
384,1161,2
384,1015,3
384,1119,4
384,1120,2
384,1164,3
384,1179,4
384,1109,2
384,1253,3
384,1233,4
384,1073,4
384,104,3
384,1126,3
384,1217,3
384,1195,3
384,1234,5
384,1214,4
384,1186,4
384,1185,2
384,1014,2
384,1264,2
384,1268,3
384,1271,2
384,1245,3
385,1027,2
385,1296,3
385,1237,2
385,1041,3
385,1054,3
385,1177,2
385,1108,3
385,1116,3
385,1133,2
385,1289,3
385,1222,3
385,1076,2
385,1213,3
385,1231,3
385,1006,4
385,1039,2
385,1004,2
385,1015,2
385,1097,2
385,1146,3
385,1107,3
385,1142,3
385,1299,3
385,1246,5
385,1178,2
385,1269,2
385,1174,3
385,1274,4
385,1203,2
385,1263,3
385,1260,3
385,1251,2
385,1235,3
385,1254,3
385,1198,2
385,1019,3
385,1058,4
385,1051,2
385,1179,2
385,1285,3
386,1222,3
386,1185,3
386,1063,2
386,1074,3
386,1273,4
386,1071,4
386,1053,2
386,1084,2
386,1267,3
386,1057,2
386,1289,4
386,1100,2
386,1249,4
386,1204,2
386,1076,4
386,1238,3
386,1276,3
386,1125,3
386,1217,3
386,1060,2
386,1210,2
386,1102,3
386,1298,2
386,1097,3
386,1093,2
386,106,4
386,1145,3
386,1176,2
386,1292,3
386,1212,4
386,1283,4
386,1077,4
386,1010,4
386,1197,3
386,1195,5
386,1008,2
386,1131,4
386,1270,2
386,1172,2
386,1110,2
387,1124,3
387,1077,3
387,1029,3
387,1118,2
387,1247,2
387,1285,3
387,1093,3
387,1045,3
387,1098,2
387,1201,3
387,1091,2
387,1193,3
387,1164,2
387,1287,3
387,1246,3
387,1082,4
387,1242,3
387,1196,2
387,1228,2
387,1210,2
387,1258,3
387,1244,4
387,1235,2
387,1241,3
387,1179,2
387,1282,2
387,1099,2
387,1176,3
387,1278,3
387,1209,4
387,1028,4
387,1150,1
387,1037,4
387,1240,4
387,1123,3
387,1296,2
387,1291,3
387,1169,3
387,1104,2
387,1276,3
388,1284,3
388,1037,4
388,1167,2
388,1238,2
388,1106,2
388,1263,2
388,1005,2
388,1187,3
388,1224,2
388,1285,3
388,1228,3
388,1110,2
388,1190,3
388,1223,2
388,1084,2
388,1010,2
388,1291,2
388,1193,2
388,1052,2
388,1015,2
388,1091,4
388,1226,2
388,1213,4
388,1148,2
388,1080,2
388,1021,2
388,1178,2
388,1252,4
388,1282,4
388,1281,3
388,1216,4
388,1073,1
388,1128,2
388,1177,3
388,1232,2
388,1045,2
388,1219,4
388,1092,3
388,1072,3
388,1242,3
389,1187,3
389,1094,2
389,1068,2
389,1242,4
389,1194,3
389,1244,4
389,1209,2
389,1171,3
389,1296,4
389,1193,2
389,1127,2
389,1163,4
389,1257,3
389,1219,3
389,1190,2
389,1189,2
389,1124,2
389,1290,3
389,1218,2
389,1032,2
389,1170,2
389,1173,3
389,1114,3
389,1132,2
389,1121,2
389,1155,2
389,1010,3
389,1058,2
389,1004,2
389,1178,3
389,1115,3
389,1245,3
389,1078,2
389,1299,4
389,103,3
389,1278,3
389,1131,3
389,1260,3
389,1195,3
389,1153,3
390,1064,4
390,1200,3
390,1176,5
390,1256,4
390,1109,2
390,1264,4
390,1223,3
390,1289,3
390,1213,3
390,1097,2
390,1095,2
390,1141,2
390,1194,3
390,1231,4
390,1135,3
390,1210,2
390,1128,2
390,1193,3
390,1011,2
390,1118,5
390,1103,2
390,1061,3
390,1240,2
390,1092,3
390,1284,3
390,1234,4
390,1127,3
390,1049,2
390,1163,3
390,1296,3
390,1067,3
390,1019,3
390,1286,3
390,1137,2
390,1027,2
390,1037,3
390,1002,2
390,1083,3
390,1242,3
390,1215,3
391,1269,2
391,1053,4
391,1073,3
391,1299,2
391,1085,3
391,1114,2
391,1196,2
391,1040,4
391,1103,2
391,1283,4
391,1048,3
391,1057,3
391,1088,1
391,1243,4
391,1228,2
391,1121,4
391,1178,3
391,1298,2
391,1293,2
391,1258,2
391,1144,2
391,1044,4
391,1098,3
391,1119,3
391,1247,4
391,1202,3
391,1248,4
391,1220,3
391,105,4
391,1163,2
391,1250,3
391,106,3
391,1242,4
391,1288,2
391,1025,3
391,1014,3
391,1199,2
391,1052,3
391,1007,4
391,1210,2
392,1128,4
392,1125,2
392,1013,5
392,1274,3
392,1279,2
392,1285,2
392,1153,2
392,1292,4
392,1102,3
392,1004,3
392,1094,1
392,1087,3
392,1009,3
392,1228,3
392,1182,3
392,1215,2
392,103,3
392,1167,3
392,1071,4
392,1208,2
392,1019,4
392,1055,3
392,1177,2
392,1073,3
392,1097,2
392,1011,3
392,1058,3
392,1298,2
392,1197,3
392,1187,2
392,1092,3
392,1104,3
392,1002,4
392,1299,3
392,1076,3
392,1117,2
392,1175,4
392,1196,4
392,1172,2
392,1127,3
393,1221,3
393,1103,2
393,1256,3
393,1175,4
393,1219,3
393,1240,3
393,1299,2
393,1220,1
393,1096,2
393,1292,3
393,1261,4
393,1068,2
393,1130,3
393,1160,3
393,1159,3
393,1113,3
393,1045,3
393,1183,3
393,1035,3
393,1266,4
393,1072,2
393,1066,2
393,1088,5
393,1255,3
393,1062,2
393,1215,2
393,1132,2
393,1059,3
393,1173,3
393,1042,3
393,1250,3
393,1167,2
393,1086,4
393,1177,2
393,1178,2
393,1231,3
393,1206,4
393,1262,3
393,1032,4
393,1164,2
394,1031,5
394,1023,2
394,1251,3
394,1060,2
394,1070,2
394,1220,3
394,1216,3
394,1160,2
394,1145,2
394,1223,2
394,1246,3
394,1244,3
394,1131,3
394,1182,4
394,1286,3
394,1084,2
394,1181,2
394,1137,3
394,1052,3
394,1056,3
394,1103,2
394,1255,3
394,1221,4
394,1067,2
394,1139,2
394,1292,3
394,1119,2
394,1239,3
394,1297,3
394,1232,3
394,1011,3
394,1000,3
394,1161,2
394,1178,2
394,1299,1
394,1272,4
394,1150,4
394,1283,2
394,1205,2
394,1228,3
395,1276,2
395,1115,3
395,1140,2
395,1172,3
395,1174,4
395,1164,4
395,1178,2
395,1214,2
395,1087,3
395,1054,3
395,1209,3
395,1277,3
395,1101,4
395,1096,2
395,1182,2
395,1239,2
395,1204,2
395,1252,1
395,1019,4
395,1278,3
395,104,3
395,1146,2
395,1289,4
395,1038,3
395,1007,3
395,1249,2
395,1205,3
395,1018,4
395,1142,3
395,1094,3
395,1032,3
395,1234,2
395,1037,3
395,1181,1
395,1160,3
395,1233,3
395,1156,4
395,1073,3
395,1039,2
395,1288,3
396,1270,3
396,1278,1
396,1221,3
396,1257,2
396,1078,2
396,1024,3
396,1264,2
396,1100,2
396,1262,2
396,1144,2
396,1137,2
396,1222,2
396,1258,3
396,1042,3
396,1203,2
396,1223,2
396,1213,2
396,1198,2
396,1119,3
396,1131,4
396,1061,2
396,105,3
396,1111,5
396,1145,2
396,1254,2
396,1039,3
396,1087,3
396,1142,2
396,1199,2
396,1214,3
396,1141,3
396,1238,4
396,1134,3
396,1068,3
396,1149,2
396,1132,3
396,1007,3
396,1123,1
396,1229,4
396,1091,2
397,1129,4
397,1293,2
397,1190,2
397,1191,3
397,1206,3
397,1257,2
397,1024,2
397,1054,3
397,1267,3
397,1085,2
397,1063,5
397,1287,2
397,1066,4
397,1116,3
397,1061,4
397,1128,4
397,1188,4
397,1278,3
397,1243,4
397,1062,3
397,1087,3
397,1018,2
397,1107,2
397,1231,3
397,1098,4
397,1109,3
397,1240,5
397,1277,2
397,1130,3
397,1019,3
397,1096,3
397,1255,3
397,1203,2
397,1146,3
397,1258,2
397,1159,3
397,1245,4
397,1248,4
397,1117,4
397,1127,4
398,1212,3
398,1218,3
398,1120,3
398,1225,3
398,1043,3
398,1180,2
398,1062,2
398,1017,4
398,1119,3
398,1158,2
398,1034,3
398,1286,3
398,1039,2
398,1284,2
398,1262,2
398,1169,4
398,1003,2
398,1166,2
398,1201,2
398,1183,4
398,1112,2
398,1106,4
398,1154,4
398,1272,3
398,1155,2
398,1270,3
398,1036,2
398,1126,3
398,1088,3
398,1087,3
398,1280,2
398,1248,3
398,1235,4
398,1208,2
398,1202,4
398,1096,3
398,1242,3
398,1294,3
398,1016,4
398,1134,3
399,1179,1
399,1055,3
399,1105,4
399,1012,2
399,1211,4
399,1031,3
399,106,2
399,1296,3
399,1070,3
399,1063,4
399,1047,4
399,1197,2
399,1273,2
399,1292,2
399,1225,3
399,1139,2
399,1165,3
399,1094,4
399,1227,3
399,1048,3
399,1136,4
399,1220,2
399,1114,4
399,1071,2
399,1014,3
399,1137,2
399,1117,4
399,1034,3
399,1056,2
399,1219,4
399,1119,3
399,1036,1
399,1083,5
399,1203,4
399,1209,4
399,1202,3
399,1171,2
399,1195,2
399,1081,5
399,1095,4
400,1088,3
400,1286,2
400,1109,4
400,1110,3
400,1000,3
400,1181,3
400,1131,2
400,1263,4
400,1136,2
400,1290,2
400,1155,3
400,1033,4
400,1206,3
400,1161,3
400,1234,3
400,1020,2
400,1218,4
400,1289,3
400,1143,3
400,1066,3
400,1047,2
400,1262,2
400,1108,2
400,1008,4
400,1067,3
400,1130,4
400,1082,4
400,1194,3
400,1127,3
400,1203,3
400,1163,3
400,1048,2
400,1285,2
400,1004,3
400,1065,3
400,1009,3
400,1147,3
400,1027,2
400,1025,3
400,1157,3
401,1106,5
401,1100,4
401,1281,4
401,1232,2
401,1039,4
401,1221,3
401,1268,3
401,1183,1
401,1186,2
401,1262,3
401,1047,4
401,1224,3
401,1185,2
401,1219,1
401,1010,4
401,1173,2
401,1040,4
401,1244,3
401,1113,3
401,1280,4
401,1114,2
401,1007,2
401,1027,2
401,1021,3
401,1169,4
401,1177,2
401,1293,2
401,1034,2
401,1272,2
401,1088,4
401,1118,4
401,1029,2
401,1241,2
401,1184,2
401,1139,3
401,1247,2
401,1006,2
401,1257,2
401,1123,3
401,1145,2
402,1005,3
402,1104,3
402,1215,3
402,102,3
402,1292,3
402,1026,2
402,1293,4
402,1134,2
402,1284,4
402,1276,2
402,1231,4
402,1017,3
402,1092,4
402,1061,2
402,1247,3
402,1199,2
402,1078,3
402,1262,4
402,1004,3
402,1168,1
402,1260,2
402,1228,2
402,1230,4
402,1243,1
402,1245,2
402,1035,2
402,1229,3
402,1060,3
402,1189,2
402,1251,3
402,1058,4
402,1043,2
402,1045,2
402,1280,3
402,1163,2
402,1210,3
402,1299,4
402,1197,3
402,1148,2
402,1214,2
403,1222,3
403,1136,3
403,1247,3
403,1114,2
403,1183,3
403,1162,3
403,1273,3
403,1149,3
403,1102,2
403,1266,2
403,1112,2
403,1182,3
403,1189,3
403,1288,3
403,1294,3
403,1232,2
403,1055,2
403,1082,2
403,1171,3
403,1066,3
403,1010,2
403,1033,2
403,1094,2
403,1023,3
403,1186,4
403,1122,5
403,1210,2
403,1287,2
403,1068,4
403,1187,5
403,1243,4
403,1049,3
403,1037,4
403,1283,2
403,1207,3
403,1291,3
403,1286,2
403,1088,3
403,1099,1
403,1181,4
404,105,2
404,1117,3
404,1282,2
404,1133,5
404,1216,3
404,1183,2
404,1020,2
404,1153,3
404,1158,3
404,1238,2
404,1245,2
404,1239,3
404,1280,2
404,1032,3
404,1226,2
404,1145,3
404,1096,3
404,1029,3
404,1056,2
404,1146,4
404,1100,1
404,1155,2
404,1097,2
404,1171,3
404,1118,3
404,1249,2
404,1031,2
404,1027,4
404,1161,3
404,1172,2
404,1008,2
404,1292,3
404,1064,2
404,1227,3
404,1072,5
404,1017,5
404,1131,5
404,1255,4
404,1009,3
404,1088,3
405,1204,4
405,1050,3
405,1101,2
405,1071,3
405,1292,3
405,1117,3
405,1181,2
405,1221,2
405,1156,3
405,1099,2
405,1262,3
405,1149,5
405,1249,3
405,1031,3
405,1043,4
405,1037,2
405,1158,4
405,1247,1
405,1011,3
405,1088,3
405,1145,4
405,1226,2
405,1194,3
405,1019,3
405,1039,3
405,1202,2
405,1138,1
405,1074,2
405,1188,3
405,1087,4
405,1146,4
405,1163,3
405,1157,3
405,1137,3
405,1205,4
405,1075,4
405,102,3
405,1083,4
405,1055,3
405,1110,2
406,1046,2
406,1241,2
406,1165,3
406,1196,2
406,1026,3
406,1188,3
406,1255,3
406,1013,2
406,1164,3
406,1215,4
406,1121,2
406,1035,3
406,1262,2
406,1163,3
406,1130,3
406,1054,3
406,1090,5
406,1103,3
406,1092,5
406,1214,4
406,1192,2
406,1176,4
406,107,3
406,1063,3
406,1257,3
406,1166,3
406,1297,3
406,1160,4
406,1212,4
406,1155,3
406,1274,4
406,1051,3
406,1216,4
406,1042,2
406,1183,2
406,1234,2
406,1272,4
406,1079,3
406,1281,2
406,1022,2
407,1258,3
407,1192,3
407,1198,2
407,1178,3
407,1144,4
407,1270,3
407,1029,3
407,1269,2
407,1067,1
407,1229,5
407,1087,2
407,1299,3
407,1055,3
407,1118,4
407,1189,3
407,1226,4
407,1159,3
407,1044,5
407,1205,3
407,1151,3
407,1131,3
407,1287,4
407,1152,3
407,1089,1
407,1068,2
407,1050,3
407,1278,3
407,1005,2
407,1040,4
407,1042,3
407,1023,2
407,1256,2
407,1153,2
407,1062,2
407,1103,3
407,1175,2
407,1265,2
407,1079,3
407,1112,2
407,1140,3
408,1268,2
408,1247,3
408,1241,2
408,1060,2
408,1030,1
408,1012,2
408,1221,2
408,1165,3
408,1083,2
408,1141,3
408,1018,2
408,1002,2
408,1115,4
408,1103,2
408,1010,2
408,1181,3
408,1029,3
408,1001,2
408,1298,4
408,1244,3
408,1066,3
408,1137,3
408,1228,3
408,1062,2
408,1168,3
408,1133,4
408,1085,2
408,1213,2
408,1169,3
408,1140,3
408,1025,2
408,1215,3
408,1264,3
408,1295,4
408,1098,3
408,1240,3
408,1214,2
408,1111,3
408,1289,2
408,1274,3
409,102,3
409,1245,3
409,1237,3
409,1183,4
409,104,4
409,1277,3
409,1274,2
409,1144,2
409,1281,3
409,1136,2
409,1287,3
409,1196,3
409,1093,2
409,1169,3
409,1225,3
409,1185,5
409,1250,3
409,1205,2
409,1204,3
409,1056,3
409,1028,2
409,1113,2
409,1271,3
409,106,3
409,1158,2
409,1288,3
409,1175,1
409,1029,3
409,1123,4
409,1135,3
409,1134,3
409,1079,3
409,1075,2
409,1181,4
409,1290,3
409,1162,1
409,1164,4
409,1043,2
409,1092,3
409,1088,4
410,1080,4
410,1102,3
410,1271,2
410,1049,2
410,1063,3
410,1256,4
410,1033,2
410,1217,5
410,1024,2
410,1261,2
410,1283,3
410,1109,2
410,1172,2
410,1149,2
410,1218,3
410,1155,2
410,1053,3
410,1028,3
410,1074,2
410,1154,2
410,1289,3
410,1208,3
410,1117,2
410,1246,3
410,1103,3
410,1036,2
410,1148,3
410,1097,2
410,1114,2
410,1045,2
410,1000,3
410,1265,2
410,1249,2
410,1198,3
410,1115,2
410,1019,5
410,1213,3
410,1163,2
410,1124,2
410,1005,2
411,1058,3
411,1045,2
411,1014,2
411,1202,3
411,1176,3
411,1025,3
411,1015,2
411,1002,3
411,1142,4
411,1194,3
411,101,2
411,107,2
411,1141,5
411,1048,3
411,1094,2
411,1054,2
411,1112,3
411,1164,2
411,1179,2
411,1162,3
411,1225,3
411,1284,3
411,1147,4
411,1060,3
411,1016,2
411,1233,4
411,1067,2
411,1057,3
411,1110,2
411,1297,3
411,1174,3
411,1208,4
411,1229,3
411,1035,1
411,1242,3
411,1185,3
411,1031,2
411,1259,2
411,1299,1
411,1278,3
412,1198,3
412,1151,2
412,1012,3
412,1118,3
412,1046,2
412,1170,3
412,1240,3
412,1155,5
412,1253,2
412,1161,3
412,1090,3
412,1283,3
412,1268,3
412,1158,4
412,1114,2
412,1192,4
412,1063,3
412,1008,3
412,1177,3
412,1134,2
412,1148,2
412,1299,2
412,1089,2
412,1112,2
412,1290,1
412,1085,2
412,1221,2
412,1033,3
412,1280,2
412,1153,3
412,1120,4
412,1007,4
412,1202,4
412,1108,3
412,1256,2
412,1152,3
412,1207,4
412,1225,4
412,105,3
412,1019,2
413,1150,3
413,1245,1
413,1026,2
413,1055,2
413,1080,3
413,1143,3
413,1198,3
413,1046,5
413,1219,3
413,1179,2
413,1243,3
413,1267,3
413,108,2
413,1135,3
413,1040,4
413,1003,2
413,1151,3
413,1274,2
413,1210,3
413,1201,3
413,1239,4
413,1033,2
413,1259,3
413,1206,3
413,1123,3
413,1131,4
413,1068,2
413,1213,5
413,1056,2
413,1141,2
413,1145,2
413,1246,3
413,1022,3
413,1124,2
413,1280,3
413,1272,2
413,1204,2
413,1232,4
413,1034,2
413,1050,3
414,1262,2
414,1054,5
414,1045,2
414,1090,2
414,1022,3
414,1039,3
414,1253,3
414,1210,3
414,1139,1
414,1117,3
414,1061,3
414,1118,4
414,1034,2
414,1127,3
414,1174,4
414,1186,4
414,1182,3
414,1041,2
414,1055,5
414,1077,3
414,1229,4
414,1180,5
414,1296,4
414,1033,3
414,1235,5
414,1021,2
414,1003,1
414,1130,3
414,1115,4
414,1227,4
414,1093,3
414,1071,2
414,1173,3
414,1187,3
414,1232,4
414,1143,3
414,1006,1
414,1161,3
414,1099,2
414,1062,3
415,1284,3
415,1151,3
415,1130,3
415,1064,3
415,1203,3
415,1035,2
415,1265,2
415,1132,2
415,1160,3
415,1153,2
415,1099,2
415,1216,3
415,1154,2
415,1266,4
415,1070,2
415,1197,3
415,1263,3
415,1057,3
415,1180,3
415,1022,3
415,1046,2
415,1289,4
415,1008,4
415,1085,3
415,1090,3
415,1060,3
415,1091,2
415,1169,3
415,1276,4
415,1181,4
415,1295,3
415,1109,3
415,1170,2
415,1253,3
415,1020,2
415,1097,3
415,1162,3
415,1079,2
415,1252,3
415,1257,4
416,1098,3
416,1246,4
416,1228,3
416,1295,3
416,1108,4
416,1279,4
416,1172,2
416,1140,1
416,1186,3
416,1002,2
416,1290,3
416,1043,2
416,1063,3
416,1054,2
416,1003,2
416,1122,3
416,1004,2
416,1231,2
416,1072,4
416,1176,2
416,1121,3
416,1173,3
416,1093,2
416,1214,2
416,1014,3
416,1039,3
416,1022,3
416,1285,3
416,1105,2
416,1064,1
416,1007,2
416,1217,2
416,1280,2
416,1065,3
416,1195,4
416,1061,3
416,1045,3
416,1236,3
416,1143,2
416,1095,2
417,1065,3
417,1216,2
417,1046,3
417,1262,4
417,1109,2
417,1059,2
417,1066,3
417,1135,2
417,1004,2
417,1074,2
417,1101,3
417,1299,4
417,1098,2
417,1193,2
417,1058,3
417,1235,3
417,1190,3
417,1044,2
417,1228,3
417,1201,3
417,1130,2
417,1007,2
417,1133,2
417,1012,4
417,1134,3
417,1191,3
417,1164,3
417,1179,2
417,1042,3
417,1033,2
417,1075,2
417,1274,3
417,1185,2
417,1110,3
417,1250,4
417,1032,4
417,1054,2
417,1000,3
417,1171,3
417,104,3
418,1217,4
418,1076,2
418,1026,4
418,1123,3
418,1091,4
418,1120,3
418,1259,2
418,1189,1
418,1283,2
418,1187,2
418,1167,2
418,1102,2
418,1246,2
418,1176,3
418,1174,3
418,1235,3
418,1119,3
418,1049,3
418,1005,2
418,1084,2
418,103,4
418,1278,3
418,1282,4
418,1025,3
418,1276,4
418,1224,2
418,1105,3
418,1007,3
418,1177,2
418,1018,2
418,1099,4
418,1111,3
418,1231,3
418,1222,3
418,1108,2
418,1045,3
418,1058,3
418,1090,3
418,1132,2
418,1035,2
419,1050,2
419,1227,5
419,1176,2
419,1220,4
419,1007,2
419,1093,2
419,1077,3
419,1092,3
419,108,3
419,1274,3
419,1261,3
419,1267,4
419,1021,1
419,1214,2
419,102,4
419,1136,3
419,1026,2
419,1230,3
419,1164,5
419,107,3
419,1078,3
419,1135,2
419,1054,2
419,1105,5
419,1004,3
419,1016,2
419,1219,2
419,1254,2
419,1271,4
419,1208,3
419,1244,2
419,1170,3
419,1256,4
419,1240,3
419,1158,3
419,1166,4
419,1269,3
419,1165,4
419,103,4
419,1292,2
420,1185,3
420,1221,2
420,1123,2
420,1009,2
420,1218,2
420,1276,2
420,1278,4
420,1206,4
420,1280,5
420,1253,3
420,1176,4
420,1264,3
420,1153,2
420,1220,3
420,1130,2
420,1030,3
420,1036,2
420,1019,3
420,1194,2
420,1215,2
420,1226,2
420,1069,3
420,1211,4
420,1140,2
420,1038,3
420,1250,3
420,1112,5
420,1288,4
420,1222,3
420,1267,2
420,1154,2
420,1102,1
420,1224,3
420,1234,5
420,1018,4
420,1029,2
420,1073,3
420,1134,3
420,1286,5
420,1100,1
421,1029,3
421,1071,2
421,1119,2
421,103,3
421,1005,4
421,1274,2
421,1166,3
421,1226,2
421,1251,2
421,1286,2
421,1170,3
421,1292,2
421,1050,3
421,1180,3
421,1111,3
421,1064,4
421,1148,2
421,1084,3
421,1190,3
421,1186,3
421,1002,3
421,104,4
421,1289,3
421,1268,2
421,101,5
421,1162,3
421,1243,3
421,1267,3
421,1100,3
421,1200,2
421,1015,3
421,1097,2
421,1007,4
421,1095,1
421,1129,4
421,1117,2
421,1199,3
421,1165,2
421,1088,3
421,1056,3
422,1175,3
422,1236,2
422,1242,1
422,1146,2
422,104,3
422,1158,2
422,1122,2
422,1183,2
422,1248,1
422,1215,3
422,1211,3
422,1054,5
422,1260,2
422,1068,2
422,1140,2
422,1268,1
422,1247,2
422,1149,4
422,1026,2
422,1132,4
422,1079,3
422,1251,4
422,1177,3
422,1111,2
422,1024,3
422,1120,2
422,1047,3
422,1249,2
422,1232,2
422,1080,3
422,1206,2
422,1098,2
422,1124,3
422,1284,3
422,1034,3
422,1074,3
422,1061,2
422,1096,3
422,1104,1
422,1287,3
423,1222,2
423,1196,3
423,1182,3
423,1234,3
423,1213,3
423,1189,3
423,1197,2
423,1120,3
423,1238,3
423,1193,2
423,1015,3
423,1279,2
423,1172,2
423,1056,2
423,105,2
423,1248,3
423,1167,3
423,1063,3
423,1292,2
423,1215,3
423,1151,3
423,1160,2
423,1156,2
423,1086,4
423,1028,4
423,1243,2
423,1178,3
423,1023,5
423,1139,2
423,1285,2
423,1267,3
423,1257,2
423,1245,3
423,1262,4
423,1060,4
423,1295,3
423,1277,3
423,1241,2
423,1065,2
423,1231,2
424,1120,2
424,1248,2
424,1264,3
424,1157,3
424,1167,2
424,1259,2
424,1247,2
424,1155,3
424,1182,2
424,1060,3
424,1140,2
424,1174,2
424,1070,3
424,1283,2
424,1193,3
424,1045,3
424,1030,4
424,1133,2
424,1090,5
424,1202,3
424,1226,2
424,1121,2
424,1169,3
424,1224,1
424,1100,2
424,1154,4
424,1029,3
424,1223,2
424,1284,3
424,1271,5
424,1094,3
424,1225,2
424,1037,5
424,1115,3
424,1160,2
424,1170,3
424,1195,3
424,1209,2
424,1213,3
424,1118,3
425,1016,3
425,1038,4
425,103,2
425,1059,3
425,1245,2
425,1031,3
425,1021,3
425,1152,3
425,1057,3
425,105,2
425,1088,3
425,1268,2
425,1224,3
425,1073,2
425,1043,4
425,1055,2
425,1179,4
425,1030,4
425,1284,3
425,1013,3
425,1132,3
425,1172,2
425,1187,2
425,1079,3
425,1148,3
425,1130,2
425,1205,2
425,1085,2
425,1069,3
425,1010,3
425,1040,3
425,1192,2
425,1164,3
425,1209,2
425,1200,3
425,1103,4
425,1112,4
425,1100,4
425,1259,3
425,1071,3
426,107,3
426,1231,5
426,1239,5
426,1041,2
426,1277,2
426,1081,4
426,1112,5
426,1160,3
426,1115,4
426,1058,4
426,1242,3
426,1235,4
426,1104,3
426,1215,3
426,1173,4
426,1167,1
426,1123,2
426,1217,2
426,1195,3
426,1025,4
426,1216,2
426,1057,4
426,1219,2
426,1174,3
426,1107,3
426,1164,3
426,1156,3
426,1150,2
426,1046,3
426,1139,4
426,1084,2
426,1191,2
426,1200,3
426,1211,2
426,1165,3
426,1118,5
426,1289,2
426,1103,3
426,1287,4
426,1128,2
427,1084,4
427,1035,3
427,1037,4
427,1207,2
427,1087,4
427,1082,3
427,1009,4
427,1192,3
427,1158,3
427,1298,2
427,1015,3
427,102,3
427,1133,3
427,1120,4
427,1089,4
427,1193,2
427,1102,3
427,1128,5
427,1140,2
427,1099,4
427,1074,2
427,1280,3
427,1206,4
427,1293,2
427,1039,2
427,1121,4
427,1067,4
427,1072,3
427,104,3
427,1020,2
427,1229,2
427,1068,4
427,1076,3
427,1218,4
427,1195,2
427,1248,3
427,1114,3
427,1155,1
427,1228,2
427,1252,3
428,1203,3
428,1262,3
428,1137,4
428,1025,4
428,1163,2
428,1143,3
428,1202,2
428,1094,4
428,1162,2
428,1053,2
428,1230,2
428,1152,2
428,1245,3
428,1096,4
428,1026,2
428,1255,4
428,1179,2
428,1047,4
428,1247,2
428,1194,4
428,1283,2
428,1189,2
428,1175,2
428,1281,2
428,1176,2
428,1288,3
428,1201,2
428,1159,2
428,107,2
428,1013,3
428,1109,3
428,1104,3
428,1221,3
428,1153,2
428,1070,4
428,1085,3
428,1131,4
428,1256,4
428,1123,2
428,1063,2
429,1148,3
429,1282,2
429,1193,2
429,1060,2
429,1277,3
429,1125,3
429,1005,2
429,1227,2
429,1213,2
429,1294,2
429,1160,2
429,1093,3
429,1019,2
429,1271,3
429,1231,3
429,1267,5
429,1100,3
429,1142,3
429,1247,2
429,1198,2
429,1226,3
429,1004,4
429,1017,2
429,1216,1
429,1250,3
429,1071,3
429,1151,2
429,1147,4
429,1196,3
429,1212,2
429,1192,2
429,1185,3
429,1150,3
429,1279,2
429,1105,3
429,103,3
429,1281,3
429,1099,3
429,1257,2
429,1201,4
430,1043,2
430,1144,3
430,1298,3
430,1189,3
430,1036,4
430,1271,3
430,1016,1
430,1185,3
430,1254,3
430,1194,4
430,1078,3
430,1249,2
430,1273,4
430,1258,1
430,1259,3
430,1233,3
430,1131,3
430,1120,3
430,1122,2
430,1001,2
430,1117,4
430,1176,3
430,1034,4
430,1210,4
430,1157,4
430,1205,3
430,1109,3
430,1145,4
430,1279,3
430,1268,3
430,1108,3
430,1112,3
430,1270,4
430,1118,2
430,1006,3
430,1054,3
430,1288,3
430,1089,3
430,1129,1
430,1232,2
431,1239,2
431,1087,3
431,1009,2
431,1049,4
431,1085,4
431,1170,2
431,1001,2
431,1117,3
431,1042,5
431,1225,5
431,1240,3
431,1155,2
431,1196,3
431,1286,4
431,108,2
431,104,2
431,103,1
431,1045,4
431,1289,3
431,1032,2
431,1229,4
431,1184,3
431,1167,4
431,1100,4
431,1081,3
431,1142,3
431,1150,2
431,1263,2
431,1114,3
431,1123,3
431,1103,4
431,1253,2
431,1238,2
431,1050,2
431,1182,3
431,1029,3
431,1152,2
431,1137,3
431,1244,2
431,1147,3
432,1013,3
432,1075,3
432,1037,3
432,1104,4
432,1049,2
432,1042,3
432,1215,3
432,1231,2
432,1280,3
432,1169,4
432,1140,2
432,1076,4
432,1262,2
432,1102,3
432,1077,3
432,1189,2
432,1244,3
432,1005,3
432,1043,3
432,1034,3
432,1197,2
432,1220,3
432,1250,2
432,1048,2
432,1213,2
432,1266,4
432,1202,2
432,1061,3
432,1298,3
432,104,3
432,1083,2
432,1155,3
432,1041,2
432,1162,2
432,1088,3
432,1251,1
432,1195,2
432,1123,2
432,1078,2
432,1218,2
433,1165,4
433,1253,3
433,1110,2
433,1156,3
433,1159,3
433,104,3
433,1035,3
433,1246,3
433,1075,2
433,1218,3
433,1077,3
433,1224,3
433,1296,2
433,1116,3
433,1062,5
433,1272,2
433,1087,1
433,1281,2
433,1005,2
433,1052,2
433,1112,2
433,1058,2
433,106,5
433,1176,2
433,1047,2
433,1038,3
433,1072,2
433,1024,2
433,1090,2
433,1122,5
433,1006,3
433,1210,1
433,1092,2
433,1188,4
433,1265,3
433,1007,4
433,1029,4
433,1297,4
433,1012,3
433,1178,3
434,1163,3
434,1200,3
434,1247,3
434,1197,4
434,1229,2
434,1216,3
434,1205,2
434,1028,2
434,1291,2
434,1165,3
434,1058,3
434,1129,3
434,1281,2
434,1196,4
434,1006,2
434,1041,3
434,1239,1
434,1011,3
434,1282,3
434,1070,5
434,1040,2
434,1222,1
434,1208,2
434,1148,3
434,1161,3
434,1030,2
434,1230,3
434,1012,3
434,1097,2
434,1276,2
434,103,3
434,1120,4
434,1171,2
434,1109,2
434,1223,2
434,1250,4
434,1075,4
434,1217,3
434,1227,2
434,1061,2
435,1193,2
435,1169,4
435,1059,2
435,1114,2
435,1031,3
435,1275,2
435,1205,3
435,1224,3
435,1199,2
435,1077,3
435,1071,2
435,1234,2
435,1119,4
435,1162,2
435,1107,3
435,1112,4
435,1151,3
435,102,2
435,1191,3
435,1072,3
435,1020,4
435,1045,2
435,1202,4
435,1209,4
435,1091,2
435,1117,2
435,1130,3
435,1022,3
435,1051,2
435,1126,3
435,1060,3
435,1039,2
435,1183,2
435,1195,3
435,1092,3
435,1122,3
435,1167,3
435,1082,4
435,1204,4
435,1100,2
436,1243,2
436,1080,3
436,1120,3
436,1190,2
436,1139,3
436,1083,2
436,1292,2
436,1297,3
436,1248,3
436,1218,3
436,1121,2
436,1217,4
436,1096,5
436,1157,4
436,1101,2
436,1262,3
436,1245,3
436,1183,2
436,1283,3
436,1052,2
436,1176,4
436,1114,3
436,102,2
436,1023,2
436,1229,2
436,1153,4
436,1053,3
436,1125,2
436,1180,3
436,1030,4
436,1104,2
436,1134,3
436,1237,3
436,1082,2
436,1112,3
436,1016,2
436,1165,2
436,1230,3
436,1277,3
436,1079,2
437,105,3
437,1209,2
437,1031,3
437,1128,2
437,1216,3
437,1034,2
437,1171,2
437,1289,4
437,1044,4
437,1047,5
437,1076,2
437,1155,3
437,102,2
437,1063,3
437,1089,2
437,1033,3
437,1204,1
437,1014,3
437,101,3
437,1122,4
437,1018,2
437,1087,2
437,1238,2
437,1277,2
437,1269,2
437,1253,3
437,1108,4
437,1060,2
437,1049,3
437,1080,2
437,1022,2
437,1275,4
437,1192,2
437,1032,2
437,1127,3
437,1272,3
437,1143,2
437,1064,3
437,1182,2
437,1010,2
438,1006,3
438,1166,4
438,1152,2
438,1247,3
438,1236,4
438,1286,3
438,1232,4
438,1299,3
438,1265,3
438,1098,3
438,1191,2
438,1219,3
438,1214,2
438,1000,2
438,1151,3
438,1043,2
438,1012,3
438,1180,3
438,1292,4
438,1103,1
438,1131,3
438,1266,3
438,1044,1
438,1154,3
438,103,2
438,1135,3
438,1109,2
438,1283,3
438,1020,3
438,1113,4
438,1005,3
438,1060,4
438,1263,3
438,1174,3
438,1274,2
438,1201,3
438,1188,2
438,1209,2
438,108,2
438,1206,2
439,1157,3
439,1226,3
439,1106,2
439,1240,3
439,1121,3
439,1278,3
439,1172,3
439,1071,2
439,1161,2
439,1030,3
439,1079,2
439,1274,3
439,1140,3
439,1206,2
439,1295,4
439,1018,3
439,1034,2
439,1243,3
439,1158,2
439,1078,3
439,1072,2
439,1237,4
439,1293,2
439,1081,3
439,1132,2
439,1280,2
439,1211,3
439,1159,3
439,1074,2
439,1099,3
439,1195,3
439,1246,3
439,1122,4
439,1291,2
439,1019,2
439,1064,4
439,1022,2
439,1256,3
439,1165,2
439,1129,4
440,1170,1
440,1088,3
440,1103,3
440,1251,3
440,1013,3
440,1138,4
440,1044,3
440,1025,3
440,1238,3
440,1035,2
440,1188,3
440,1016,4
440,1117,2
440,1095,4
440,1110,3
440,1023,4
440,1250,3
440,1183,3
440,1141,3
440,1136,3
440,1036,3
440,1262,3
440,1146,2
440,1119,2
440,1206,4
440,1212,3
440,1019,4
440,1084,3
440,1000,3
440,1093,4
440,1105,2
440,1233,3
440,1275,3
440,1268,3
440,1073,4
440,1026,4
440,1008,3
440,1289,3
440,1115,2
440,1204,3
441,1258,3
441,1153,1
441,1164,2
441,1006,3
441,1229,4
441,1003,3
441,1065,3
441,1184,3
441,1120,2
441,1000,2
441,1213,3
441,1062,2
441,1208,4
441,108,2
441,1189,2
441,1217,3
441,1136,2
441,1046,2
441,1155,2
441,1055,2
441,1144,2
441,1148,3
441,1251,3
441,1236,3
441,1215,4
441,1072,3
441,1207,4
441,1138,3
441,1279,2
441,1117,2
441,1122,2
441,1061,4
441,1224,1
441,1288,4
441,1119,3
441,1019,2
441,1081,4
441,1290,2
441,1282,3
441,1159,2
442,1124,3
442,1029,2
442,1181,3
442,1078,4
442,1147,3
442,1071,3
442,1261,2
442,1184,3
442,1245,2
442,1267,3
442,1179,2
442,1161,2
442,1122,2
442,1244,2
442,105,3
442,1027,2
442,1249,2
442,1293,3
442,1232,3
442,1241,3
442,1298,2
442,1169,2
442,1015,2
442,1055,2
442,1146,3
442,1223,4
442,1014,2
442,1108,3
442,1208,2
442,1242,2
442,1065,3
442,1167,2
442,1057,1
442,1006,3
442,1021,2
442,1150,4
442,1031,3
442,1228,4
442,1239,4
442,1008,3
443,1204,3
443,1205,3
443,1033,2
443,1207,2
443,1278,2
443,1290,3
443,1146,2
443,1014,4
443,1281,4
443,1114,2
443,1190,3
443,1120,3
443,1200,2
443,108,3
443,1166,3
443,1283,4
443,1181,3
443,1152,3
443,1053,1
443,1203,2
443,1051,3
443,1028,3
443,1104,3
443,1098,2
443,1292,3
443,1163,4
443,1088,3
443,1087,2
443,1059,3
443,1125,1
443,1182,3
443,1030,2
443,1253,3
443,1068,3
443,1183,4
443,1194,4
443,1198,2
443,1026,3
443,1295,3
443,1057,2
444,1191,4
444,1096,2
444,1047,3
444,1038,3
444,1284,2
444,1249,3
444,1209,3
444,1116,3
444,1230,3
444,1000,2
444,1260,2
444,1177,5
444,1169,2
444,1107,3
444,1190,3
444,103,3
444,1207,3
444,1068,3
444,1080,2
444,1090,3
444,107,2
444,1203,3
444,1088,3
444,1170,4
444,1205,3
444,1232,4
444,1097,3
444,1172,3
444,1243,2
444,1224,2
444,1183,3
444,1192,4
444,1140,2
444,1077,3
444,1258,3
444,1150,3
444,1025,4
444,101,2
444,1144,3
444,105,2
445,1040,2
445,1075,2
445,1249,4
445,1032,3
445,1230,3
445,1240,4
445,1007,4
445,1099,2
445,1192,3
445,1209,2
445,1189,3
445,1193,3
445,1109,3
445,1147,2
445,1237,3
445,1081,3
445,1251,3
445,1029,3
445,1118,3
445,1073,2
445,1204,3
445,1159,2
445,1289,4
445,1255,4
445,1135,2
445,1164,2
445,106,4
445,1090,2
445,1094,3
445,1243,5
445,1017,3
445,1080,2
445,1299,3
445,1134,2
445,1107,3
445,1176,3
445,1103,2
445,1168,3
445,1093,2
445,1047,3
446,1129,3
446,1286,3
446,1037,3
446,1117,2
446,1196,5
446,1035,2
446,1201,2
446,1172,2
446,1217,2
446,1203,2
446,1169,2
446,1062,2
446,1252,5
446,1077,5
446,1060,4
446,1190,4
446,1047,2
446,1282,4
446,1159,2
446,1280,3
446,1004,3
446,1059,1
446,1148,2
446,1279,3
446,1126,3
446,1289,4
446,1143,2
446,1089,3
446,1123,3
446,1155,2
446,1226,2
446,1237,3
446,1194,4
446,1031,3
446,1113,3
446,1269,3
446,1266,3
446,1215,2
446,1167,3
446,1166,2
447,1101,2
447,1273,4
447,1043,3
447,1026,4
447,1072,2
447,106,4
447,1287,5
447,1210,3
447,1194,3
447,1236,2
447,1211,2
447,1104,3
447,1218,2
447,1075,2
447,1000,3
447,1094,3
447,1219,3
447,1106,2
447,1143,3
447,1120,2
447,1249,3
447,1184,3
447,1177,3
447,1207,4
447,1239,4
447,101,3
447,1227,1
447,1288,4
447,102,3
447,1169,3
447,1199,2
447,1158,3
447,1243,3
447,1138,3
447,1091,2
447,1293,3
447,1200,4
447,1242,3
447,1009,2
447,1154,3
448,1153,3
448,1231,4
448,107,3
448,1012,2
448,1005,3
448,1028,2
448,1288,3
448,1020,2
448,1009,3
448,1222,2
448,1099,5
448,1257,3
448,1251,2
448,1155,3
448,1123,3
448,1192,3
448,1217,3
448,1110,2
448,1150,4
448,1246,3
448,1136,2
448,1116,3
448,1197,3
448,1285,3
448,1008,2
448,1275,3
448,1133,3
448,1045,3
448,1046,2
448,1286,2
448,1263,4
448,1154,4
448,1185,1
448,1026,3
448,1260,3
448,1104,3
448,1065,2
448,1047,2
448,1094,3
448,1171,4
449,1028,3
449,1095,4
449,1150,3
449,1000,3
449,1100,4
449,1280,4
449,1232,2
449,1273,3
449,1103,4
449,1265,3
449,1228,2
449,1138,2
449,1140,3
449,1091,1
449,1002,2
449,1262,3
449,1043,4
449,1253,2
449,1092,3
449,1200,3
449,1114,4
449,1074,2
449,1283,4
449,1096,3
449,1221,4
449,105,3
449,1084,3
449,1189,2
449,1187,2
449,1116,2
449,1077,2
449,103,3
449,1233,2
449,1054,3
449,1170,2
449,1278,3
449,1032,2
449,1274,4
449,1158,2
449,1052,2
450,1157,3
450,1166,2
450,1230,3
450,1024,3
450,1088,1
450,1199,3
450,1136,2
450,1287,3
450,1204,1
450,1236,4
450,1124,3
450,1178,4
450,1040,2
450,1150,2
450,1153,2
450,1109,1
450,1223,3
450,1174,3
450,1082,2
450,1173,4
450,1219,3
450,1145,3
450,1144,2
450,1257,3
450,1264,3
450,1066,3
450,1063,2
450,1206,1
450,1285,2
450,1016,3
450,1049,3
450,1258,2
450,1179,3
450,1045,2
450,1044,2
450,1213,2
450,1235,4
450,1119,5
450,1110,3
450,1270,3
451,1154,1
451,1164,2
451,1232,3
451,1263,2
451,1060,4
451,1198,3
451,1090,3
451,1266,2
451,1270,3
451,104,2
451,1095,3
451,1077,2
451,1129,4
451,1066,5
451,1229,4
451,1037,3
451,1185,4
451,1048,3
451,1260,2
451,1191,3
451,1074,2
451,1253,3
451,1288,3
451,1228,2
451,1120,3
451,1238,3
451,1205,3
451,1084,2
451,1102,2
451,1004,5
451,1099,4
451,1276,2
451,1168,3
451,1134,3
451,1278,3
451,1219,3
451,1086,2
451,1203,3
451,1261,3
451,1041,3
452,1069,3
452,1212,3
452,1235,3
452,1089,2
452,1159,3
452,1147,3
452,105,2
452,1149,2
452,1220,1
452,1288,3
452,1271,3
452,1186,3
452,1176,2
452,1218,3
452,1043,3
452,1210,2
452,1249,3
452,1291,3
452,1215,2
452,1063,1
452,1039,4
452,1091,3
452,1067,3
452,1179,3
452,1022,4
452,1260,2
452,1205,4
452,1080,3
452,1268,2
452,1200,4
452,1266,2
452,1152,3
452,1189,2
452,1141,2
452,1099,3
452,1144,2
452,1216,2
452,1017,4
452,1267,3
452,1081,2
453,1040,4
453,1023,3
453,1042,3
453,1190,3
453,1202,3
453,1112,2
453,1184,2
453,1212,2
453,1083,3
453,1065,2
453,1260,5
453,1132,3
453,1177,2
453,1154,3
453,1148,4
453,1029,4
453,1140,4
453,102,2
453,1265,3
453,1161,2
453,1224,2
453,1185,4
453,1069,3
453,1075,2
453,1286,3
453,1172,1
453,1030,3
453,1045,3
453,101,3
453,1253,3
453,1151,3
453,1261,4
453,1210,2
453,1032,3
453,1010,3
453,1187,3
453,1204,4
453,1014,3
453,1022,5
453,1085,3
454,108,4
454,1229,2
454,1079,3
454,1256,3
454,1183,3
454,1004,4
454,1078,3
454,1116,2
454,1005,4
454,1169,3
454,1007,4
454,1209,2
454,1214,5
454,1219,5
454,1040,3
454,1121,3
454,1268,2
454,1165,3
454,1111,2
454,1105,3
454,1093,4
454,1054,1
454,1247,3
454,1033,5
454,1122,2
454,1225,2
454,1286,2
454,1154,3
454,1174,3
454,1025,5
454,1280,3
454,1274,3
454,1076,2
454,1141,2
454,1288,2
454,1083,3
454,1072,3
454,103,4
454,1084,2
454,1251,2
455,1136,2
455,1143,3
455,1016,3
455,1110,3
455,1238,3
455,1193,2
455,1173,3
455,1123,3
455,1099,3
455,1297,3
455,1291,2
455,1295,3
455,1128,3
455,1071,3
455,1279,3
455,1174,3
455,1260,4
455,1001,3
455,1089,3
455,1107,4
455,1005,3
455,1259,3
455,1202,2
455,1122,2
455,1041,4
455,1139,4
455,1276,2
455,1117,3
455,1057,3
455,1294,3
455,1015,3
455,1255,3
455,1155,2
455,1002,4
455,1162,4
455,1021,3
455,1131,2
455,1253,3
455,1245,3
455,1046,3
456,1232,5
456,1126,2
456,1045,3
456,1067,3
456,104,2
456,1277,3
456,1046,2
456,1270,2
456,101,3
456,1090,3
456,1215,2
456,1256,2
456,1296,4
456,1099,3
456,1248,2
456,1070,3
456,1174,4
456,1059,4
456,1265,3
456,1291,3
456,1136,3
456,103,3
456,1148,3
456,1102,2
456,1289,2
456,1118,4
456,1178,4
456,1051,4
456,1197,2
456,1001,3
456,1062,2
456,1194,3
456,1160,3
456,1239,3
456,1217,3
456,1183,2
456,1212,3
456,1206,2
456,1279,2
456,1140,4
457,1242,4
457,1147,2
457,1225,3
457,1160,2
457,1131,2
457,1095,2
457,1222,4
457,1229,3
457,1010,3
457,1133,2
457,1293,3
457,1012,2
457,1286,3
457,1205,2
457,1226,2
457,1265,3
457,1026,2
457,1150,1
457,1178,2
457,1191,2
457,1164,2
457,1237,3
457,1111,3
457,1189,4
457,1040,3
457,1008,3
457,1094,3
457,1120,5
457,1002,3
457,1167,3
457,1232,2
457,1097,2
457,1197,4
457,1269,2
457,1289,2
457,1041,3
457,1018,2
457,1257,2
457,1142,4
457,1048,3
458,1292,2
458,1052,1
458,1077,4
458,1243,3
458,1279,3
458,1265,3
458,1252,4
458,1179,4
458,1076,4
458,1124,3
458,1287,3
458,1290,4
458,1024,3
458,1199,4
458,1005,2
458,1263,3
458,1141,1
458,1043,3
458,1170,2
458,1278,3
458,1163,2
458,1180,2
458,1090,3
458,1230,2
458,1108,4
458,1023,2
458,1134,4
458,1101,4
458,1225,3
458,1205,3
458,1096,4
458,1055,2
458,1156,2
458,1281,2
458,1198,4
458,1244,3
458,1003,3
458,1214,3
458,1122,3
458,1272,2
459,1091,4
459,1202,5
459,1200,3
459,1156,3
459,1133,2
459,1220,3
459,1179,1
459,1252,3
459,1228,1
459,1278,3
459,1116,4
459,1239,2
459,1026,4
459,1022,3
459,1157,3
459,1088,5
459,1292,2
459,1065,3
459,1173,2
459,1294,3
459,1020,3
459,1212,5
459,1245,2
459,1227,3
459,1053,2
459,1277,2
459,1197,2
459,102,3
459,1046,2
459,1235,2
459,1140,4
459,1106,2
459,1002,3
459,1123,3
459,1023,4
459,1072,3
459,1171,3
459,1185,3
459,1015,3
459,1142,4
460,1110,2
460,1286,3
460,1026,2
460,1155,4
460,1253,3
460,1150,5
460,1207,2
460,1131,3
460,1239,2
460,1056,2
460,1163,2
460,1206,3
460,1019,3
460,1136,3
460,1188,3
460,1231,4
460,1254,2
460,1072,2
460,1014,2
460,1096,5
460,1215,3
460,1002,3
460,1192,3
460,1047,4
460,1171,3
460,1008,3
460,1086,3
460,1193,3
460,1025,2
460,1113,4
460,1123,3
460,1007,2
460,1233,3
460,1107,3
460,1039,4
460,1061,4
460,1071,3
460,1020,3
460,1213,4
460,1216,4
461,106,1
461,1170,3
461,1179,2
461,1246,2
461,105,2
461,1178,2
461,1072,3
461,1183,2
461,1010,3
461,1279,2
461,1196,2
461,1264,3
461,1244,3
461,1128,2
461,1140,3
461,1039,3
461,1056,2
461,1089,4
461,1167,4
461,1292,2
461,1290,4
461,1271,3
461,1293,2
461,1214,3
461,1080,3
461,1154,3
461,1195,3
461,1297,2
461,1069,3
461,1118,3
461,1152,3
461,1212,3
461,1004,3
461,1009,2
461,1188,3
461,1087,4
461,1163,4
461,1169,4
461,1024,2
461,1036,4
462,1222,3
462,1012,1
462,1253,2
462,1040,2
462,102,2
462,1046,3
462,1130,2
462,1262,4
462,1047,2
462,1077,3
462,1290,4
462,1218,2
462,1029,2
462,1277,2
462,1266,1
462,1131,4
462,1014,3
462,1276,4
462,1299,3
462,1120,2
462,1118,3
462,1221,3
462,1146,2
462,1275,2
462,1053,5
462,1061,3
462,1197,3
462,1255,2
462,1048,2
462,1241,2
462,1119,3
462,105,3
462,108,3
462,1258,2
462,1001,4
462,1157,2
462,1269,4
462,1295,3
462,107,3
462,1160,2
463,1065,4
463,1250,3
463,1050,2
463,1068,4
463,1169,4
463,1281,3
463,1260,2
463,1089,2
463,1195,2
463,1073,3
463,1018,2
463,1226,3
463,1128,4
463,1252,2
463,1278,2
463,1126,3
463,1291,3
463,1156,3
463,1298,3
463,1030,2
463,1080,3
463,1191,2
463,103,5
463,1288,2
463,101,5
463,1117,1
463,1106,2
463,1032,2
463,1124,4
463,1213,4
463,1181,3
463,1205,3
463,1173,3
463,1245,3
463,1053,3
463,1206,1
463,1192,2
463,1243,4
463,1254,2
463,1041,2
464,107,3
464,1157,4
464,1250,3
464,1094,3
464,1287,2
464,1117,3
464,1151,2
464,1010,3
464,1257,4
464,1104,2
464,1180,2
464,1130,5
464,1134,5
464,1064,2
464,1234,3
464,1255,4
464,1263,3
464,1172,3
464,1281,3
464,1271,1
464,1253,4
464,1055,2
464,1293,3
464,1080,2
464,108,2
464,1213,2
464,1188,3
464,1182,3
464,1187,3
464,1092,2
464,1083,2
464,1181,2
464,1298,2
464,1204,2
464,1226,3
464,1215,3
464,1075,4
464,1063,3
464,1114,3
464,1267,2
465,1118,3
465,1029,5
465,1007,3
465,1103,2
465,1087,3
465,1114,3
465,1055,3
465,1262,4
465,1212,2
465,1210,3
465,1231,3
465,1285,2
465,1017,3
465,1209,3
465,1208,4
465,1241,3
465,1123,3
465,1232,3
465,1238,3
465,1061,3
465,1018,2
465,1041,2
465,1032,4
465,1023,5
465,1143,4
465,101,3
465,1274,3
465,1109,2
465,1252,2
465,1120,4
465,1277,2
465,1080,3
465,1193,3
465,1001,2
465,1035,3
465,1271,1
465,1220,3
465,1235,3
465,1169,3
465,1105,1
466,1138,3
466,1228,2
466,1161,2
466,1292,3
466,1278,5
466,1118,2
466,1180,2
466,1249,3
466,1296,3
466,1151,4
466,1220,3
466,1235,2
466,1020,3
466,1188,2
466,1287,2
466,1117,2
466,1293,3
466,1082,4
466,1261,2
466,1166,4
466,1115,3
466,1058,3
466,1019,3
466,1068,3
466,1154,4
466,1150,5
466,1200,3
466,1033,5
466,1206,1
466,1234,2
466,1295,2
466,1140,4
466,1202,2
466,1219,3
466,1223,2
466,1260,3
466,1026,3
466,1258,3
466,1283,2
466,1256,2
467,1061,3
467,1002,2
467,1014,2
467,1273,2
467,1055,2
467,1003,2
467,1007,3
467,1041,3
467,1122,3
467,1083,2
467,1250,2
467,1200,3
467,1205,2
467,1297,2
467,1021,3
467,1194,3
467,1085,3
467,1155,3
467,1035,3
467,1156,4
467,1242,2
467,1157,3
467,1292,2
467,1166,3
467,1047,4
467,1121,4
467,1290,3
467,1013,3
467,1281,3
467,1195,3
467,1219,2
467,1042,4
467,108,2
467,1253,3
467,105,2
467,101,1
467,1127,2
467,1172,4
467,1255,2
467,1239,4
468,1157,3
468,1016,2
468,1097,3
468,1027,2
468,105,3
468,1145,4
468,1294,2
468,1216,4
468,1298,4
468,1039,2
468,1123,3
468,101,3
468,1232,3
468,1236,4
468,1030,3
468,1085,2
468,1253,2
468,1007,3
468,1203,3
468,1035,2
468,1287,2
468,1297,3
468,1010,3
468,1238,5
468,1127,3
468,1193,2
468,1246,2
468,1131,3
468,1234,4
468,1069,2
468,1038,2
468,1227,1
468,1053,4
468,1079,3
468,1140,3
468,1109,3
468,1180,3
468,1191,2
468,1208,1
468,1248,3
469,1046,2
469,1285,1
469,1194,3
469,1082,2
469,1217,3
469,1162,3
469,1193,4
469,1144,2
469,1122,4
469,1106,2
469,1289,2
469,1011,2
469,1290,2
469,1155,3
469,1024,3
469,1164,3
469,1197,2
469,1103,2
469,1000,4
469,1023,2
469,1094,3
469,1191,3
469,1066,4
469,1052,2
469,1019,3
469,1175,1
469,1031,2
469,1124,5
469,1020,3
469,1220,4
469,1253,2
469,1228,3
469,1145,3
469,1248,4
469,1047,3
469,1038,1
469,1096,3
469,1178,3
469,1092,2
469,1235,3
470,1126,3
470,1207,2
470,1002,3
470,1072,5
470,1024,3
470,1119,3
470,1214,3
470,1271,2
470,1266,2
470,1139,3
470,1030,3
470,1176,4
470,1247,2
470,1238,3
470,1034,2
470,1061,2
470,1026,2
470,1261,2
470,1128,3
470,1080,2
470,1183,3
470,1294,3
470,1172,3
470,1203,4
470,1035,2
470,1234,4
470,1215,3
470,1178,3
470,1164,2
470,1277,3
470,1299,2
470,1071,3
470,1104,3
470,1180,4
470,1177,3
470,1058,2
470,1157,2
470,1276,2
470,1243,2
470,1005,2
471,1017,3
471,1268,4
471,1237,3
471,1153,3
471,1198,3
471,1150,3
471,1171,3
471,1005,2
471,1165,1
471,1269,4
471,1048,3
471,107,3
471,1155,3
471,1263,3
471,106,3
471,1047,2
471,101,2
471,1279,2
471,1276,3
471,1207,4
471,1241,2
471,1296,3
471,1243,2
471,1125,2
471,1121,3
471,1247,2
471,1214,3
471,1032,2
471,1293,2
471,1100,3
471,1220,3
471,1264,3
471,1272,3
471,1210,4
471,1184,2
471,1091,2
471,1188,3
471,1143,3
471,1190,3
471,1161,2
472,1292,3
472,1241,2
472,1222,3
472,1112,2
472,1201,2
472,1185,4
472,1000,2
472,1284,3
472,1264,2
472,1154,4
472,1289,2
472,1050,3
472,1277,4
472,1039,4
472,1216,4
472,1144,2
472,1240,2
472,1110,3
472,1191,4
472,1215,3
472,1178,3
472,1096,4
472,1217,4
472,1262,2
472,1261,2
472,1171,2
472,1260,1
472,1145,3
472,1251,1
472,1296,2
472,1169,3
472,1177,3
472,1223,2
472,1051,2
472,1117,3
472,1049,3
472,1266,2
472,1121,2
472,1126,2
472,1127,3
473,1109,4
473,1186,4
473,1156,1
473,1273,2
473,1178,2
473,1137,2
473,1008,3
473,1157,2
473,1282,3
473,1026,3
473,1284,3
473,1106,3
473,1133,3
473,1147,1
473,1086,1
473,1140,3
473,1201,3
473,1056,3
473,1232,3
473,1044,4
473,1060,2
473,1088,2
473,1111,3
473,1118,3
473,1020,2
473,1200,3
473,1164,3
473,1113,3
473,1095,1
473,1182,3
473,1091,4
473,1180,2
473,1233,3
473,1152,2
473,1291,2
473,1269,2
473,1002,3
473,1194,3
473,1072,2
473,1249,3
474,1196,3
474,1072,2
474,1005,2
474,1033,3
474,1000,3
474,1218,2
474,1110,4
474,1085,2
474,1067,2
474,1199,3
474,1174,4
474,1221,3
474,1256,1
474,1073,2
474,1168,3
474,1140,2
474,1189,2
474,1113,4
474,1162,3
474,1147,3
474,1032,3
474,1171,4
474,1209,3
474,1247,2
474,1053,4
474,1026,3
474,1226,4
474,1155,3
474,1096,3
474,1291,4
474,1274,4
474,1076,3
474,1134,1
474,1153,3
474,1275,3
474,1038,2
474,1294,3
474,1227,3
474,1009,3
474,1251,2
475,1285,2
475,1079,2
475,1150,3
475,1035,4
475,1106,3
475,1234,2
475,1044,3
475,1237,2
475,1115,2
475,102,3
475,1210,3
475,1090,2
475,1281,3
475,1010,2
475,1262,3
475,1182,4
475,1263,3
475,1102,3
475,1009,4
475,1200,2
475,1278,3
475,1125,3
475,1248,5
475,1096,3
475,1209,2
475,1256,4
475,1055,2
475,1208,3
475,1218,2
475,1074,3
475,1093,2
475,1266,4
475,1194,3
475,1164,3
475,1203,3
475,1015,4
475,1196,3
475,1235,3
475,1238,2
475,1171,3
476,1147,2
476,1288,3
476,1117,3
476,1051,3
476,1199,3
476,1186,3
476,108,4
476,1259,4
476,1052,4
476,1211,2
476,1050,3
476,1036,3
476,1167,3
476,1179,3
476,1187,2
476,1215,3
476,1037,3
476,1110,3
476,1137,4
476,1000,1
476,1133,4
476,1217,3
476,1174,2
476,1015,3
476,1013,5
476,1151,3
476,1163,2
476,1274,4
476,1146,3
476,1009,3
476,1275,2
476,1292,2
476,1062,2
476,1058,2
476,1236,2
476,1003,3
476,1284,2
476,1011,3
476,1188,2
476,1150,2
477,1100,2
477,1294,2
477,1272,3
477,1001,3
477,1131,2
477,1273,4
477,1270,1
477,1205,5
477,1245,3
477,1076,3
477,1153,3
477,1045,3
477,1146,3
477,106,3
477,1286,3
477,1184,3
477,1048,2
477,1216,3
477,1018,3
477,1281,4
477,1288,4
477,1249,3
477,1221,2
477,1099,3
477,1029,3
477,1246,3
477,108,3
477,1248,3
477,1051,3
477,1195,3
477,1200,3
477,1265,4
477,1279,4
477,1044,3
477,1106,2
477,1109,2
477,1271,3
477,1142,4
477,1186,3
477,1047,2
478,1134,2
478,1080,2
478,1187,3
478,1034,3
478,1127,1
478,1121,2
478,1221,2
478,1036,3
478,1205,3
478,1162,3
478,1010,2
478,1126,3
478,1045,2
478,1181,3
478,1086,3
478,1212,4
478,1125,3
478,1137,1
478,1168,3
478,1248,3
478,1065,2
478,1298,3
478,1204,3
478,1297,3
478,1138,2
478,1180,3
478,1123,2
478,1285,3
478,1050,3
478,1104,2
478,1229,3
478,1277,4
478,1014,2
478,1122,3
478,1296,3
478,1251,3
478,1240,4
478,1211,3
478,1061,2
478,1002,4
479,1177,1
479,1064,3
479,1238,2
479,1165,4
479,104,4
479,1180,2
479,1197,2
479,1269,3
479,1249,4
479,1023,3
479,1253,3
479,1132,3
479,1261,4
479,1080,2
479,107,3
479,1216,3
479,1072,2
479,1233,1
479,1028,2
479,1069,3
479,1192,3
479,1088,3
479,1097,2
479,1149,3
479,1008,3
479,1086,2
479,1100,4
479,1242,2
479,1263,4
479,1045,3
479,1119,2
479,1200,4
479,1232,3
479,1073,2
479,1223,4
479,1118,2
479,1116,2
479,1071,1
479,1201,2
479,1056,2
480,1087,2
480,1008,2
480,1089,3
480,1030,2
480,1195,2
480,1055,4
480,1097,3
480,1046,3
480,1239,5
480,1222,2
480,1297,4
480,108,3
480,1166,3
480,1116,4
480,1146,2
480,1013,3
480,1098,2
480,1275,4
480,1265,4
480,1105,3
480,1088,2
480,1094,3
480,1044,3
480,1155,2
480,1041,2
480,1254,3
480,1000,1
480,1045,3
480,1198,1
480,1135,3
480,1268,3
480,106,3
480,1072,3
480,1119,3
480,1208,2
480,1061,2
480,1267,4
480,1021,2
480,1053,5
480,1248,4
481,1066,4
481,1210,3
481,1042,3
481,1117,4
481,1164,3
481,1014,3
481,1204,1
481,1056,3
481,1025,3
481,1022,2
481,1263,3
481,1140,3
481,1008,5
481,1031,3
481,1157,3
481,1237,2
481,1289,3
481,1246,3
481,1001,5
481,1194,3
481,1061,3
481,1260,3
481,1024,4
481,1011,3
481,1280,2
481,1236,3
481,1173,2
481,1086,3
481,1208,2
481,1206,2
481,1183,4
481,1017,2
481,1265,3
481,1101,3
481,1274,3
481,1039,3
481,1192,2
481,1277,3
481,1075,2
481,1050,2
482,1080,2
482,1061,3
482,1286,2
482,1224,3
482,1081,3
482,1159,2
482,1123,3
482,1011,5
482,1049,4
482,1143,3
482,1295,2
482,1119,3
482,1273,3
482,1242,3
482,1180,2
482,1141,2
482,1112,3
482,1035,3
482,1251,5
482,1266,2
482,1197,4
482,1151,1
482,1176,2
482,1299,2
482,1129,3
482,1271,3
482,1018,5
482,1021,3
482,1235,2
482,1285,3
482,1130,4
482,1211,3
482,1102,2
482,1196,4
482,1202,3
482,1298,2
482,1259,5
482,1115,2
482,1236,2
482,1171,3
483,1214,3
483,1077,3
483,1081,4
483,1188,2
483,1019,4
483,1282,2
483,1098,2
483,1031,4
483,1190,3
483,1133,2
483,1058,2
483,1189,3
483,1196,3
483,1108,2
483,1110,2
483,1051,4
483,1186,2
483,1040,3
483,1141,4
483,1018,4
483,1273,3
483,1071,2
483,1089,4
483,1045,4
483,104,2
483,1024,4
483,1235,2
483,1035,3
483,1221,2
483,1053,3
483,1290,2
483,1143,4
483,1154,1
483,1230,2
483,1120,2
483,1015,4
483,1163,2
483,1048,3
483,1285,2
483,1177,3
484,1233,3
484,1035,5
484,1247,3
484,1164,2
484,1090,4
484,1069,2
484,1057,4
484,1245,2
484,1244,4
484,1170,3
484,1075,3
484,1193,3
484,1054,3
484,1153,3
484,1261,3
484,1229,2
484,1259,2
484,1260,2
484,1296,3
484,1051,3
484,1197,3
484,1275,4
484,1119,3
484,1042,3
484,1236,1
484,1046,3
484,1154,4
484,1050,3
484,1039,5
484,1026,4
484,1124,3
484,1126,3
484,1072,3
484,1141,3
484,1248,3
484,1151,4
484,1178,3
484,1148,2
484,1205,2
484,1217,3
485,1007,2
485,1117,1
485,1154,3
485,1232,2
485,1292,3
485,1186,3
485,1175,3
485,1208,2
485,1124,3
485,107,3
485,1024,4
485,1283,3
485,1140,2
485,1058,4
485,1196,2
485,1021,3
485,1216,2
485,1275,3
485,1068,2
485,1030,3
485,1054,3
485,1207,2
485,1135,2
485,1097,3
485,1130,3
485,1080,2
485,1147,3
485,1027,3
485,1121,2
485,1234,4
485,1141,3
485,1194,3
485,1215,2
485,1065,3
485,1132,3
485,1262,3
485,1066,3
485,1056,5
485,1109,4
485,1023,3
486,1106,2
486,1140,2
486,1209,2
486,1115,5
486,1045,3
486,107,3
486,1246,2
486,1270,2
486,1298,3
486,1015,3
486,1239,5
486,1266,3
486,1211,3
486,1287,2
486,1156,4
486,1223,3
486,1184,3
486,1019,3
486,1049,2
486,1277,3
486,1261,2
486,1108,3
486,108,2
486,1132,2
486,1046,3
486,1157,2
486,1134,3
486,1137,1
486,1242,3
486,1148,3
486,1247,3
486,1113,4
486,1128,3
486,1182,3
486,1232,4
486,1119,3
486,1213,2
486,1236,4
486,1009,3
486,1040,4
487,1080,2
487,1139,3
487,1031,2
487,1210,2
487,1040,3
487,1038,1
487,1297,3
487,1169,2
487,1129,4
487,1010,3
487,1187,5
487,1082,4
487,1241,4
487,1254,3
487,1005,4
487,1253,3
487,1264,2
487,1019,3
487,1193,2
487,1249,4
487,1095,3
487,1037,1
487,1054,3
487,1068,5
487,1052,2
487,1227,2
487,1290,3
487,1162,3
487,1063,5
487,1275,3
487,1074,3
487,1099,4
487,1115,4
487,1033,3
487,1086,2
487,1160,3
487,1191,2
487,1240,4
487,1247,5
487,1062,5
488,1160,2
488,1282,3
488,1061,3
488,1107,3
488,102,3
488,1286,2
488,1178,1
488,1175,2
488,1272,3
488,1243,2
488,1245,2
488,1106,2
488,1194,4
488,1143,3
488,1085,3
488,1242,2
488,1099,4
488,1227,1
488,1291,2
488,1170,2
488,1224,2
488,1068,3
488,1105,3
488,1258,3
488,1042,3
488,1208,3
488,1028,3
488,1057,2
488,1290,3
488,1035,4
488,1114,4
488,1156,3
488,1045,4
488,1044,2
488,1029,2
488,1098,3
488,1017,3
488,1046,2
488,1007,3
488,1235,3
489,1049,2
489,1209,4
489,1275,2
489,1087,5
489,1063,1
489,1184,3
489,1019,4
489,1256,3
489,104,3
489,1297,2
489,1099,4
489,1220,2
489,1026,5
489,1182,1
489,1046,2
489,1110,3
489,1030,3
489,1221,3
489,1270,2
489,1146,3
489,1130,2
489,1298,2
489,1278,2
489,1118,3
489,1268,4
489,102,2
489,1093,4
489,1219,2
489,1134,1
489,1216,3
489,1055,3
489,1041,1
489,1106,2
489,1098,3
489,1023,4
489,1120,3
489,1286,2
489,1128,3
489,1194,4
489,1078,4
490,1112,3
490,1102,3
490,1009,2
490,1220,3
490,1000,1
490,1187,2
490,1202,3
490,1205,2
490,1244,3
490,1023,2
490,1197,3
490,1101,3
490,1111,3
490,1038,4
490,1043,2
490,1285,4
490,1027,2
490,1212,4
490,1039,2
490,1045,2
490,1294,3
490,1162,3
490,1164,3
490,1104,3
490,1005,3
490,1296,1
490,1117,3
490,1242,2
490,1097,4
490,1050,2
490,1089,4
490,1122,2
490,1021,3
490,1109,3
490,1241,2
490,1031,4
490,1230,3
490,105,1
490,1240,3
490,1284,2
491,1009,2
491,1168,3
491,1236,4
491,1272,3
491,1003,4
491,1111,4
491,1152,3
491,1156,2
491,106,3
491,1267,2
491,1042,4
491,1283,4
491,1204,2
491,1268,2
491,1126,3
491,1134,3
491,1214,3
491,1159,1
491,1220,3
491,1032,3
491,1142,3
491,1086,3
491,1153,3
491,1125,3
491,1020,3
491,1177,3
491,1035,2
491,1181,3
491,1158,2
491,1206,2
491,1239,3
491,1135,2
491,105,4
491,1280,4
491,1081,3
491,1016,3
491,1051,4
491,1193,3
491,1247,2
491,1299,2
492,1136,1
492,1194,3
492,1209,3
492,1060,2
492,1153,2
492,1219,1
492,1208,3
492,1022,1
492,1034,3
492,1090,3
492,1263,3
492,1012,2
492,1232,4
492,1161,2
492,1032,3
492,1037,3
492,1251,2
492,1049,3
492,1079,3
492,1046,3
492,1188,2
492,1172,4
492,1082,3
492,1182,3
492,1277,2
492,1052,4
492,1180,3
492,1281,2
492,1160,3
492,1003,2
492,1149,2
492,1115,4
492,1047,2
492,1165,2
492,1216,1
492,1028,2
492,1246,3
492,1123,2
492,1213,3
492,1132,1
493,1057,3
493,1131,4
493,1134,3
493,1244,4
493,1296,3
493,1072,2
493,1288,1
493,1226,3
493,1158,3
493,1286,2
493,1039,2
493,1128,5
493,1145,2
493,1263,3
493,1148,3
493,1002,3
493,103,4
493,1150,3
493,1188,4
493,1165,4
493,1270,2
493,1122,5
493,1199,2
493,1112,3
493,1071,2
493,1140,3
493,1278,2
493,1249,4
493,1245,4
493,1001,3
493,1236,2
493,1116,2
493,1195,3
493,1206,2
493,1284,2
493,1232,2
493,1097,2
493,1223,3
493,1015,2
493,1156,3
494,1294,2
494,1204,2
494,1240,2
494,1015,3
494,1147,4
494,1134,3
494,1220,2
494,1236,3
494,1238,2
494,1048,3
494,1131,5
494,1009,3
494,1173,3
494,1222,2
494,1231,2
494,1020,2
494,1061,3
494,1178,3
494,1001,2
494,1035,3
494,1176,3
494,1180,2
494,1136,4
494,1123,2
494,1010,4
494,1267,3
494,1156,3
494,1226,3
494,1157,3
494,1059,2
494,1181,2
494,1191,3
494,1102,2
494,1243,4
494,1124,4
494,1128,4
494,1273,4
494,1129,3
494,1174,4
494,1164,3
495,1208,3
495,1268,5
495,1007,2
495,1087,3
495,1229,2
495,1214,3
495,1148,5
495,1127,3
495,1080,4
495,1299,3
495,1138,3
495,1092,3
495,1176,3
495,1015,2
495,1020,5
495,1238,3
495,1195,3
495,1044,3
495,1213,3
495,1173,4
495,1106,2
495,1236,3
495,1245,3
495,1231,3
495,1261,4
495,1123,3
495,1063,3
495,1134,5
495,1243,2
495,1046,2
495,1207,4
495,1139,3
495,1280,2
495,1025,4
495,1292,3
495,1049,3
495,1191,2
495,1090,2
495,1211,2
495,1289,2
496,1081,2
496,1285,2
496,1145,3
496,1207,3
496,1126,3
496,1012,3
496,1118,2
496,1026,2
496,1046,2
496,1269,2
496,1071,3
496,1275,4
496,1228,1
496,1298,3
496,1040,2
496,1214,4
496,1174,3
496,1294,3
496,1170,3
496,1041,3
496,1034,5
496,1066,3
496,1006,2
496,1088,3
496,1110,2
496,1280,3
496,1022,2
496,1180,4
496,1189,2
496,1213,3
496,1288,2
496,1121,3
496,1070,2
496,1103,3
496,1140,2
496,1277,4
496,1098,4
496,1238,2
496,1138,3
496,1073,3
497,1261,2
497,1283,4
497,1129,4
497,1296,3
497,1032,3
497,1079,2
497,1215,2
497,1218,2
497,1076,3
497,1251,2
497,1241,2
497,1237,3
497,1123,4
497,1246,3
497,1267,3
497,1188,3
497,1034,3
497,1018,3
497,1142,2
497,1001,3
497,1186,2
497,1297,2
497,1185,3
497,1187,3
497,1152,3
497,1085,3
497,1136,4
497,1043,3
497,1154,3
497,1240,3
497,1104,4
497,1030,3
497,1255,2
497,1017,2
497,1064,2
497,1138,3
497,1002,2
497,1127,3
497,1031,3
497,105,2
498,1006,2
498,1247,3
498,1111,4
498,104,2
498,1086,3
498,1045,3
498,1219,2
498,1101,2
498,1224,3
498,1112,2
498,1296,4
498,1238,4
498,1014,2
498,1034,3
498,103,3
498,1042,3
498,1140,4
498,1281,2
498,1079,4
498,1203,2
498,1072,3
498,1031,2
498,1274,3
498,1073,2
498,1125,2
498,108,3
498,101,3
498,1204,2
498,1098,2
498,1260,4
498,1187,3
498,1163,1
498,1130,3
498,1295,3
498,1210,3
498,1198,2
498,1019,1
498,1152,3
498,1035,2
498,1119,4
499,1171,2
499,105,4
499,1131,1
499,1078,4
499,1083,3
499,1150,2
499,1197,3
499,1125,3
499,1021,2
499,1190,5
499,1294,2
499,1126,3
499,1248,5
499,1204,3
499,1048,2
499,1243,3
499,1164,2
499,1124,3
499,1046,3
499,1257,3
499,1073,3
499,1247,4
499,1047,3
499,1051,3
499,1145,2
499,1279,2
499,1277,3
499,1041,2
499,1187,3
499,1020,2
499,1180,5
499,1276,2
499,1002,4
499,1030,3
499,1282,2
499,1161,3
499,1173,2
499,1242,4
499,1013,3
499,1079,2
500,1219,3
500,1187,3
500,1267,2
500,1032,3
500,1216,3
500,106,3
500,1014,4
500,1211,3
500,1265,2
500,1031,3
500,1127,2
500,1104,3
500,1210,3
500,1176,2
500,1287,2
500,1233,3
500,1070,3
500,1107,2
500,1297,3
500,1231,2
500,1192,4
500,1202,4
500,1045,3
500,1016,4
500,1152,3
500,1120,2
500,1054,3
500,1227,4
500,1034,2
500,1157,3
500,1011,3
500,1006,3
500,1245,3
500,1213,4
500,108,3
500,1033,1
500,1226,3
500,1170,3
500,1048,3
500,1266,2
501,1044,3
501,1079,2
501,1015,3
501,1168,2
501,1295,2
501,1291,3
501,1129,3
501,1138,2
501,1230,3
501,1192,3
501,1294,3
501,1265,4
501,1268,4
501,1006,2
501,1038,3
501,1082,3
501,1076,2
501,1167,2
501,1199,3
501,1058,2
501,1023,3
501,1264,5
501,1102,2
501,1204,5
501,1041,3
501,108,2
501,1278,2
501,1011,2
501,1068,3
501,1175,2
501,1243,3
501,1027,2
501,1198,4
501,1078,2
501,1016,2
501,1195,4
501,1115,1
501,1226,3
501,1107,3
501,1182,2
502,1278,4
502,1246,3
502,1041,3
502,1266,3
502,1094,3
502,1139,2
502,1052,2
502,1020,3
502,1018,3
502,103,3
502,1215,4
502,1191,2
502,1157,3
502,1268,3
502,1141,4
502,1255,3
502,1115,3
502,1280,2
502,1110,4
502,1005,2
502,1133,2
502,1212,5
502,1023,3
502,1107,2
502,1152,4
502,1204,3
502,101,2
502,1265,3
502,1011,3
502,1188,3
502,1281,2
502,1117,3
502,1232,3
502,1182,4
502,1137,3
502,1136,3
502,1231,4
502,1153,4
502,1275,5
502,1116,3
503,1020,3
503,1051,4
503,1088,2
503,1160,4
503,1072,3
503,1121,3
503,1231,2
503,1033,2
503,1039,2
503,1216,3
503,1275,1
503,1253,2
503,1234,3
503,1168,4
503,107,3
503,1177,3
503,1054,3
503,1098,2
503,1053,2
503,1263,3
503,1128,2
503,1036,3
503,1254,3
503,1004,3
503,1175,2
503,1140,4
503,1044,4
503,1057,3
503,1003,2
503,102,2
503,1244,3
503,1124,3
503,1013,1
503,1132,2
503,1183,2
503,1026,2
503,1161,3
503,1211,3
503,1289,4
503,1100,4
504,1210,3
504,1171,3
504,1091,3
504,1035,2
504,1148,2
504,1153,2
504,1297,4
504,1135,3
504,1182,4
504,1207,3
504,1274,3
504,1052,5
504,1180,4
504,1008,2
504,1270,2
504,1290,4
504,1155,3
504,1047,3
504,1142,3
504,1187,3
504,1111,4
504,1265,3
504,1221,3
504,1273,2
504,1288,3
504,1237,4
504,1202,3
504,1108,2
504,1114,4
504,1015,2
504,1057,3
504,1093,2
504,105,3
504,1071,1
504,1099,3
504,1115,4
504,1105,3
504,1257,2
504,1260,3
504,1045,3
505,1289,3
505,1269,4
505,1078,2
505,1142,3
505,1229,3
505,1247,4
505,1017,3
505,1230,2
505,1177,2
505,1042,2
505,1260,3
505,1194,3
505,1062,3
505,1045,2
505,102,4
505,1280,3
505,1251,4
505,1203,3
505,1088,2
505,1198,2
505,1227,2
505,1262,2
505,1081,3
505,1250,3
505,1026,2
505,1208,2
505,1270,2
505,1285,3
505,1190,1
505,106,4
505,108,4
505,1185,3
505,1196,3
505,1024,2
505,1073,2
505,1241,5
505,1293,3
505,1016,3
505,1151,2
505,1075,1
506,1061,3
506,1190,3
506,1022,2
506,1085,2
506,1043,3
506,1102,3
506,1027,3
506,1250,5
506,1007,3
506,1208,1
506,1204,3
506,1144,3
506,1020,2
506,1155,4
506,1287,3
506,1235,3
506,1147,2
506,1105,3
506,1004,3
506,1263,4
506,1247,2
506,1276,3
506,105,2
506,1100,3
506,1219,3
506,1260,3
506,1080,2
506,1163,2
506,1115,3
506,1216,3
506,1046,3
506,1056,1
506,1206,2
506,1261,3
506,1262,3
506,1246,3
506,1003,3
506,1139,4
506,1033,2
506,1162,3
507,1189,2
507,1063,1
507,1051,2
507,1299,3
507,1240,1
507,1253,3
507,1154,2
507,1210,2
507,1167,3
507,1056,2
507,1153,2
507,1145,3
507,1068,3
507,1126,3
507,1163,2
507,1279,4
507,1208,4
507,1197,2
507,1224,2
507,1081,4
507,1083,4
507,1285,3
507,1020,3
507,1229,3
507,1074,2
507,1061,2
507,1207,4
507,1233,2
507,1130,2
507,1014,2
507,1213,2
507,1004,3
507,1042,3
507,1152,3
507,1125,3
507,1045,3
507,1108,2
507,1256,3
507,1075,2
507,1216,2
508,1211,2
508,1203,2
508,1138,1
508,1191,3
508,1010,3
508,1291,4
508,1214,4
508,1030,4
508,1137,2
508,1282,3
508,1034,4
508,104,2
508,1016,2
508,1297,3
508,1046,2
508,1212,4
508,1192,2
508,1174,2
508,1295,3
508,1157,4
508,1150,4
508,1165,3
508,1151,4
508,1119,4
508,1011,3
508,1019,3
508,1041,3
508,1234,3
508,1257,3
508,1129,3
508,1196,2
508,1058,3
508,1243,3
508,1144,2
508,1072,3
508,103,2
508,1153,4
508,1084,2
508,1166,3
508,1273,5
509,1174,2
509,1023,2
509,1155,2
509,1090,2
509,1137,3
509,1247,3
509,1243,2
509,1126,3
509,1032,2
509,1033,3
509,1202,3
509,108,4
509,1072,3
509,1252,3
509,1183,2
509,1285,5
509,1172,1
509,1273,3
509,1267,4
509,1167,3
509,1175,2
509,1298,2
509,1279,5
509,1244,4
509,1154,4
509,1280,3
509,1087,3
509,1022,3
509,1125,3
509,1027,2
509,1168,4
509,1157,2
509,1075,3
509,1263,2
509,1076,3
509,1108,3
509,1017,3
509,1042,3
509,1196,3
509,1132,2
510,1030,3
510,1003,1
510,1008,2
510,1297,4
510,1285,3
510,1218,2
510,1278,2
510,1141,4
510,1080,1
510,1252,2
510,1076,3
510,1288,4
510,1283,3
510,1118,4
510,1025,3
510,1186,2
510,1124,2
510,1059,4
510,1054,4
510,1057,3
510,1249,4
510,1056,4
510,1208,2
510,1174,5
510,1251,3
510,1170,5
510,1232,3
510,1017,2
510,1084,4
510,1137,2
510,1256,2
510,1295,4
510,1028,3
510,101,4
510,1167,3
510,1178,3
510,1280,4
510,1282,4
510,1037,3
510,1177,3
511,1149,1
511,1069,4
511,1040,3
511,1253,2
511,1032,2
511,1155,3
511,1123,3
511,1126,4
511,1245,5
511,1275,4
511,1250,3
511,1290,3
511,1103,1
511,1229,3
511,1225,2
511,1018,4
511,1241,4
511,1021,3
511,1181,4
511,1006,5
511,1219,2
511,1004,4
511,1002,4
511,1197,1
511,1058,4
511,1189,3
511,1086,2
511,1199,2
511,1083,2
511,1122,4
511,1095,3
511,1210,3
511,1163,3
511,1223,3
511,1070,2
511,102,4
511,1260,2
511,1243,3
511,1012,3
511,1238,3
512,1270,3
512,1244,2
512,1042,3
512,1176,2
512,1161,2
512,1106,2
512,1090,3
512,1096,3
512,1028,3
512,1220,3
512,1285,1
512,1108,3
512,1101,3
512,1144,2
512,1245,2
512,1160,2
512,1188,1
512,1024,3
512,1208,3
512,1040,4
512,1229,3
512,1186,2
512,1017,5
512,1064,2
512,1049,3
512,1002,4
512,1014,4
512,1079,4
512,1247,2
512,1262,3
512,1209,2
512,1149,2
512,1280,2
512,1174,2
512,1259,4
512,1020,4
512,103,3
512,1171,2
512,1053,3
512,1056,4
513,1041,3
513,1150,2
513,1145,3
513,1120,2
513,1129,3
513,1050,3
513,1295,2
513,1281,2
513,1184,3
513,1130,2
513,1153,1
513,1286,3
513,1188,2
513,1082,3
513,1126,2
513,1095,2
513,1275,3
513,1134,1
513,104,2
513,1064,2
513,1244,2
513,1220,3
513,1030,3
513,1173,3
513,1222,3
513,1109,2
513,1203,3
513,1262,4
513,1161,2
513,103,2
513,1219,2
513,1022,5
513,1156,3
513,1048,2
513,1269,3
513,1071,3
513,1170,3
513,1037,3
513,1052,3
513,1007,3
514,1146,3
514,1034,5
514,1022,3
514,1164,2
514,102,2
514,1213,4
514,1258,3
514,1158,4
514,1002,3
514,1069,3
514,1115,2
514,1116,2
514,1019,3
514,1144,2
514,1210,4
514,1087,3
514,1052,4
514,1151,4
514,1240,3
514,1003,2
514,1206,2
514,1042,3
514,1184,2
514,1163,3
514,1104,1
514,1228,2
514,107,2
514,1156,4
514,1096,4
514,1143,2
514,1076,3
514,1270,4
514,1297,2
514,101,2
514,1243,3
514,1262,2
514,1027,4
514,1205,2
514,1068,3
514,1288,3
515,1242,2
515,1269,3
515,1256,2
515,1151,2
515,1232,2
515,1223,4
515,1280,4
515,1268,1
515,1252,2
515,1250,3
515,1070,3
515,1123,2
515,1102,3
515,1225,5
515,1170,2
515,1198,3
515,1263,3
515,1192,2
515,1267,3
515,1212,2
515,1082,2
515,1220,4
515,1121,2
515,1249,3
515,1087,2
515,1111,2
515,107,3
515,1010,3
515,1283,5
515,1217,3
515,1025,3
515,1158,3
515,1241,3
515,1162,4
515,1294,3
515,1173,4
515,1000,3
515,1051,3
515,1091,3
515,1188,3
516,1115,5
516,1187,3
516,1289,2
516,1003,4
516,1005,2
516,1133,3
516,1217,3
516,1296,3
516,1016,4
516,1147,3
516,1213,2
516,1148,1
516,1136,2
516,1298,5
516,1126,1
516,1022,4
516,1169,4
516,1271,3
516,1025,3
516,1160,3
516,1042,4
516,1106,2
516,1122,2
516,1071,3
516,1245,2
516,1278,3
516,1281,2
516,1039,3
516,1029,4
516,1074,2
516,1214,2
516,1265,3
516,1297,4
516,1019,3
516,1002,3
516,1248,3
516,1210,2
516,1017,2
516,1208,2
516,1259,3
517,1293,3
517,1277,3
517,1214,2
517,1083,4
517,1069,5
517,1150,3
517,1147,2
517,1231,2
517,1206,3
517,1127,5
517,1043,3
517,1130,3
517,1169,3
517,1251,2
517,1100,2
517,1084,2
517,1177,2
517,1030,2
517,1298,3
517,1285,2
517,1011,1
517,1034,2
517,106,5
517,1061,4
517,1198,3
517,1110,4
517,1126,4
517,1060,5
517,1066,4
517,1218,2
517,1240,3
517,1234,3
517,1020,2
517,1264,3
517,1159,2
517,1287,3
517,1148,2
517,1076,3
517,1208,3
517,1080,4
518,1041,3
518,1096,2
518,1283,3
518,1170,3
518,1239,4
518,1286,1
518,1213,2
518,1158,2
518,1215,2
518,1076,4
518,1274,1
518,104,2
518,1243,3
518,1093,3
518,1106,3
518,1183,3
518,1001,3
518,107,3
518,1207,1
518,1124,3
518,1259,4
518,1014,4
518,1148,3
518,1257,3
518,1079,4
518,1141,3
518,1013,4
518,1235,1
518,1269,3
518,1073,3
518,1186,3
518,1087,2
518,1179,1
518,1169,3
518,1217,3
518,1084,2
518,1287,2
518,1088,3
518,1223,2
518,1003,3
519,1037,3
519,1113,2
519,1217,2
519,1294,2
519,1292,3
519,1267,4
519,1233,2
519,105,2
519,1260,3
519,1007,2
519,1162,1
519,1119,3
519,1251,2
519,1086,5
519,1268,3
519,1290,3
519,1273,2
519,1030,2
519,1082,4
519,1068,3
519,1106,4
519,1191,2
519,1161,2
519,1223,2
519,1178,3
519,1091,3
519,1241,1
519,1130,4
519,1139,2
519,1050,2
519,1073,4
519,1159,3
519,1188,2
519,1071,3
519,1078,2
519,1070,3
519,107,3
519,1269,3
519,1097,3
519,1135,2
520,1176,2
520,1184,1
520,1298,2
520,1162,2
520,1204,3
520,1082,3
520,1153,4
520,1009,2
520,1289,3
520,1188,1
520,1145,3
520,1029,4
520,1063,3
520,1101,2
520,1155,3
520,1078,3
520,1272,4
520,1262,2
520,1271,4
520,1290,4
520,101,2
520,1255,2
520,1257,3
520,1007,2
520,1260,2
520,1027,3
520,1038,4
520,102,3
520,1227,3
520,1042,1
520,1136,2
520,1297,2
520,1081,4
520,1096,4
520,1196,2
520,1005,2
520,1117,3
520,1203,3
520,1253,3
520,1251,2
521,1261,2
521,1233,3
521,1134,3
521,1228,4
521,1077,3
521,1298,2
521,1038,2
521,1108,5
521,1045,4
521,1054,3
521,1073,2
521,1189,2
521,1174,3
521,1217,3
521,1150,3
521,1190,3
521,104,4
521,1103,4
521,1021,2
521,1059,3
521,1100,5
521,1046,4
521,1060,3
521,1028,4
521,1242,3
521,1262,3
521,1050,2
521,1221,4
521,1000,2
521,1149,1
521,1082,4
521,1117,4
521,1063,3
521,1244,2
521,1153,3
521,1270,2
521,1274,2
521,1039,3
521,1032,3
521,1264,2
522,1190,3
522,1034,3
522,1112,5
522,1198,3
522,1010,2
522,1230,4
522,1245,3
522,1065,3
522,1243,3
522,1072,3
522,1136,2
522,1178,4
522,1016,2
522,1284,3
522,1274,3
522,104,3
522,1214,2
522,1096,3
522,1171,4
522,1109,4
522,1115,4
522,1097,4
522,1177,3
522,1005,2
522,1049,3
522,1197,2
522,1087,3
522,1207,3
522,1059,3
522,1158,2
522,1026,3
522,1151,3
522,1287,3
522,1131,2
522,1185,2
522,1053,4
522,1240,2
522,1117,4
522,1030,2
522,1165,2
523,1115,3
523,1054,2
523,1129,5
523,1192,2
523,1177,4
523,103,4
523,1001,4
523,1107,3
523,1287,2
523,1122,5
523,1181,4
523,1176,3
523,1253,3
523,1140,3
523,1190,3
523,1139,3
523,1074,2
523,1022,2
523,1042,4
523,1249,3
523,1046,2
523,1298,2
523,1002,3
523,1063,4
523,1101,2
523,1078,2
523,102,4
523,1040,2
523,1184,4
523,1170,3
523,1045,3
523,1299,3
523,1259,3
523,1272,1
523,104,4
523,1199,2
523,1000,4
523,1296,3
523,1049,3
523,1241,3
524,1137,5
524,1241,2
524,1184,1
524,1143,3
524,1037,2
524,1121,3
524,1141,3
524,1065,2
524,1232,2
524,1050,3
524,1290,4
524,1216,3
524,1164,3
524,1103,3
524,1024,3
524,1178,3
524,1289,2
524,1180,3
524,1173,3
524,108,3
524,1278,3
524,1018,4
524,1017,4
524,1066,2
524,1001,2
524,1210,2
524,1171,3
524,1148,3
524,1092,3
524,1153,3
524,1209,2
524,1122,3
524,1061,2
524,1221,3
524,1063,3
524,1295,3
524,1096,3
524,1203,2
524,1039,2
524,1011,4
525,1275,2
525,1076,2
525,1050,2
525,1220,3
525,1088,3
525,1096,2
525,1100,2
525,1199,2
525,1044,3
525,1005,3
525,1270,2
525,1075,3
525,1291,2
525,1208,4
525,1173,3
525,1214,2
525,1047,2
525,1061,3
525,1023,4
525,1187,4
525,1137,4
525,1189,2
525,1134,2
525,1201,4
525,1237,3
525,1184,3
525,1124,4
525,1229,3
525,1276,3
525,1174,2
525,1078,3
525,1161,3
525,1016,3
525,1125,2
525,1172,3
525,1021,3
525,1031,3
525,1148,4
525,1118,3
525,1285,3
526,1104,1
526,108,2
526,1269,2
526,1107,3
526,1019,2
526,1108,3
526,1279,3
526,1261,2
526,1140,3
526,1001,2
526,1045,2
526,1212,4
526,1235,2
526,1229,2
526,1197,3
526,1295,3
526,1064,2
526,1025,2
526,1289,2
526,1054,2
526,1000,4
526,1160,3
526,107,2
526,1242,3
526,1043,2
526,1288,2
526,1226,3
526,1009,3
526,1173,4
526,1240,3
526,1142,3
526,1148,2
526,1170,4
526,1134,3
526,1004,2
526,1215,5
526,1294,2
526,1051,3
526,1150,4
526,1118,3
527,1110,3
527,1068,2
527,1287,4
527,1251,3
527,1219,4
527,1188,4
527,1272,1
527,1035,3
527,1212,3
527,1009,3
527,1173,3
527,1036,3
527,1290,3
527,1044,3
527,1233,2
527,104,2
527,1073,2
527,1129,5
527,1087,3
527,1113,2
527,1211,2
527,1115,3
527,1218,4
527,1120,2
527,1102,4
527,1228,4
527,1119,2
527,1265,3
527,1015,2
527,1026,2
527,1103,4
527,1030,3
527,1261,3
527,1126,3
527,1090,2
527,1139,2
527,1088,2
527,1168,5
527,1238,3
527,1053,3
528,1179,5
528,1234,5
528,1251,3
528,1045,2
528,1199,3
528,1183,3
528,1213,3
528,106,3
528,1257,2
528,1263,2
528,1016,3
528,1127,3
528,1027,2
528,1252,2
528,1011,3
528,1058,4
528,1136,3
528,1137,4
528,1197,2
528,1086,2
528,1276,3
528,1261,3
528,1079,2
528,1025,3
528,1231,4
528,1097,3
528,1126,3
528,1185,2
528,1009,3
528,1271,2
528,1226,2
528,1103,3
528,1214,2
528,1095,2
528,1032,2
528,1280,3
528,1091,2
528,1039,2
528,1256,2
528,1035,2
529,1009,4
529,1081,3
529,1037,2
529,1094,2
529,1195,3
529,1241,3
529,1024,1
529,1200,3
529,1018,1
529,1114,2
529,1117,4
529,1249,4
529,1151,4
529,1029,2
529,1234,3
529,1258,1
529,1224,3
529,1198,3
529,107,4
529,1071,3
529,1253,3
529,1244,4
529,1150,3
529,1298,2
529,108,3
529,1233,3
529,1073,3
529,1203,3
529,1120,4
529,1263,3
529,1252,2
529,1028,3
529,102,4
529,1165,3
529,1007,3
529,1119,3
529,1292,2
529,1205,2
529,1238,3
529,1266,2
530,1018,5
530,1191,4
530,1247,3
530,1274,3
530,1007,3
530,1025,2
530,1286,2
530,1135,4
530,1189,2
530,1243,2
530,1011,4
530,1035,3
530,1133,4
530,1031,3
530,1069,3
530,1279,2
530,101,2
530,1122,3
530,1142,3
530,1216,3
530,1045,2
530,1073,3
530,1095,3
530,1206,3
530,1057,3
530,1137,4
530,1272,3
530,1220,4
530,1149,3
530,1249,2
530,1160,4
530,1198,5
530,1087,2
530,1101,3
530,1221,2
530,1270,3
530,1276,2
530,1209,3
530,1027,2
530,1237,3
531,1133,3
531,1165,2
531,1250,3
531,1111,2
531,1203,3
531,1029,4
531,1266,4
531,1254,2
531,1090,3
531,1217,2
531,1141,4
531,1151,1
531,1269,4
531,1281,3
531,1077,3
531,1089,4
531,1185,2
531,1011,2
531,1136,3
531,1058,2
531,1129,2
531,1128,3
531,1158,3
531,103,3
531,1085,4
531,1171,2
531,1191,3
531,1246,2
531,1023,5
531,1071,2
531,1053,3
531,1237,2
531,1256,3
531,1080,5
531,1162,2
531,1292,2
531,1276,2
531,1271,2
531,1028,3
531,1195,2
532,1293,3
532,1140,2
532,1084,3
532,1175,2
532,1013,3
532,1025,3
532,1198,3
532,1183,3
532,1221,3
532,1178,2
532,1155,4
532,1235,3
532,1146,2
532,1258,3
532,1185,3
532,1100,2
532,1068,3
532,1276,5
532,1028,3
532,106,2
532,1245,2
532,102,2
532,1166,1
532,1193,3
532,1022,2
532,1164,3
532,1153,5
532,1237,3
532,1099,3
532,1259,5
532,1137,2
532,1051,3
532,1018,3
532,1284,3
532,1199,4
532,104,3
532,1006,2
532,1212,4
532,1186,3
532,1200,3
533,1017,3
533,1271,2
533,1051,3
533,1255,2
533,1230,4
533,1155,2
533,1256,1
533,1276,2
533,1010,2
533,1139,3
533,1047,3
533,1140,3
533,1002,3
533,1090,2
533,1206,3
533,1106,4
533,1148,2
533,1261,1
533,1219,2
533,1125,3
533,1162,4
533,1045,4
533,1062,3
533,1191,4
533,1053,3
533,1280,4
533,1115,2
533,1222,5
533,1020,2
533,1076,3
533,1072,2
533,1098,3
533,1003,2
533,1299,3
533,1141,2
533,1142,2
533,1102,5
533,1027,4
533,1075,2
533,1035,3
534,1237,4
534,1103,2
534,1231,4
534,1032,2
534,1293,4
534,1207,4
534,1233,5
534,1152,2
534,1160,2
534,1223,3
534,1290,3
534,1052,3
534,1059,4
534,1007,2
534,1148,3
534,1163,3
534,1127,2
534,1004,3
534,1075,3
534,1267,3
534,1134,3
534,1144,3
534,1096,2
534,1278,3
534,1262,2
534,1062,2
534,1185,3
534,1220,3
534,1198,3
534,1284,2
534,1053,2
534,1112,4
534,1190,1
534,1241,3
534,1130,3
534,1271,2
534,1258,3
534,1210,3
534,1251,3
534,1192,3
535,1271,3
535,1078,3
535,1278,3
535,1007,4
535,1108,2
535,1152,2
535,1203,2
535,1259,3
535,1298,3
535,1050,2
535,1001,4
535,1182,3
535,1265,3
535,1245,4
535,1237,2
535,1227,3
535,101,4
535,1232,3
535,1175,3
535,1046,2
535,1089,2
535,1286,3
535,1102,2
535,1299,4
535,1080,2
535,1157,4
535,1193,3
535,1223,3
535,1236,2
535,1147,2
535,1117,3
535,1039,3
535,1238,2
535,1026,3
535,1257,4
535,1198,2
535,1084,3
535,1200,2
535,1217,3
535,1262,2
536,1122,2
536,1251,5
536,1075,4
536,1264,2
536,105,3
536,1004,3
536,1293,4
536,1001,2
536,1173,1
536,1118,2
536,1189,3
536,1156,2
536,1005,3
536,1139,3
536,1196,4
536,1260,3
536,1210,3
536,1206,3
536,1298,3
536,1012,5
536,1011,2
536,1032,3
536,1299,4
536,1078,4
536,1103,2
536,1088,1
536,1037,3
536,1153,2
536,1060,3
536,1145,2
536,108,4
536,1131,4
536,1054,3
536,1152,3
536,1225,2
536,1159,2
536,1255,4
536,1128,2
536,1066,2
536,1228,3
537,1084,4
537,1200,3
537,1180,3
537,1063,2
537,1100,3
537,1122,2
537,1211,2
537,1181,3
537,1177,2
537,1136,2
537,1024,5
537,1057,3
537,1023,3
537,1104,2
537,1269,4
537,1135,2
537,1202,4
537,1224,2
537,1080,5
537,1215,2
537,1125,3
537,1146,4
537,1018,3
537,1030,2
537,1254,3
537,1253,3
537,1050,3
537,1145,4
537,1099,3
537,1162,3
537,1165,2
537,1126,3
537,1167,3
537,1212,2
537,1056,3
537,1264,4
537,1208,4
537,102,3
537,1246,3
537,1035,3
538,1052,2
538,1153,3
538,1265,3
538,1131,3
538,1185,4
538,1150,3
538,1108,3
538,1297,2
538,1120,2
538,1130,3
538,1057,2
538,1272,5
538,1000,3
538,1156,3
538,1122,3
538,1023,4
538,1291,3
538,1076,3
538,1099,3
538,1047,2
538,1286,4
538,1173,3
538,1016,2
538,1233,4
538,1278,4
538,1246,3
538,1116,2
538,108,3
538,1167,3
538,1088,2
538,1289,2
538,1005,2
538,1011,2
538,1114,2
538,1087,2
538,1073,3
538,1190,3
538,1064,2
538,1004,2
538,1161,3
539,1028,4
539,1279,2
539,1213,3
539,1177,3
539,1293,3
539,1259,3
539,1141,2
539,1198,2
539,1001,2
539,1222,4
539,1166,4
539,1206,3
539,1072,3
539,1155,1
539,1185,3
539,1231,2
539,102,2
539,1099,3
539,1221,4
539,1042,4
539,1265,2
539,1251,3
539,1220,4
539,1174,2
539,1258,4
539,1223,5
539,1160,4
539,1019,2
539,1288,5
539,1274,4
539,1008,2
539,1059,2
539,1009,2
539,1240,3
539,1056,4
539,1015,2
539,1121,3
539,1196,3
539,1291,4
539,1016,2
540,1207,3
540,1132,2
540,1239,4
540,1025,3
540,1006,2
540,1242,3
540,1285,4
540,1104,3
540,1169,3
540,1085,4
540,1218,2
540,1166,4
540,1179,4
540,1061,3
540,1004,3
540,1270,3
540,1118,4
540,1046,2
540,1090,2
540,106,3
540,103,2
540,1030,3
540,1189,2
540,1032,2
540,1260,3
540,1105,3
540,1083,3
540,1038,3
540,1161,3
540,1073,3
540,1283,3
540,1015,2
540,1022,1
540,1244,2
540,1143,2
540,1027,2
540,1188,3
540,1185,3
540,1129,3
540,1099,3
541,1192,3
541,1130,1
541,1230,3
541,1211,3
541,1161,3
541,1268,2
541,1181,3
541,1224,3
541,1178,3
541,1222,3
541,1295,2
541,1002,4
541,1107,3
541,1196,2
541,1228,2
541,1155,3
541,1293,2
541,1135,3
541,1242,4
541,1034,3
541,1290,3
541,1103,2
541,1239,3
541,1262,4
541,1136,2
541,1197,2
541,1153,3
541,1075,2
541,1014,3
541,1267,3
541,103,4
541,1139,3
541,1101,3
541,1091,2
541,1127,5
541,1100,2
541,1004,3
541,1270,2
541,1081,3
541,1005,3
542,107,3
542,1266,3
542,1255,4
542,1211,3
542,1032,2
542,1046,4
542,1077,3
542,1180,4
542,1249,3
542,1002,3
542,1146,2
542,1147,3
542,1110,3
542,1022,2
542,1195,3
542,1155,3
542,1229,3
542,1239,3
542,1056,4
542,1039,3
542,1043,3
542,1060,3
542,1219,2
542,1199,4
542,1256,3
542,101,2
542,1281,2
542,1263,1
542,1040,3
542,1224,4
542,1204,2
542,1111,3
542,1057,3
542,1035,3
542,1162,2
542,1069,1
542,1206,2
542,1095,2
542,1223,2
542,1050,3
543,1127,4
543,1000,3
543,1172,2
543,1023,4
543,1217,3
543,1031,3
543,1171,2
543,1041,3
543,1186,3
543,1105,2
543,1064,3
543,1106,3
543,1021,5
543,1149,5
543,1241,2
543,1243,2
543,1069,2
543,1164,2
543,1294,3
543,1206,4
543,1030,4
543,1038,4
543,1177,2
543,1168,3
543,1109,2
543,1250,3
543,1141,4
543,1193,2
543,1056,3
543,1288,3
543,1214,2
543,1086,4
543,1272,3
543,1252,3
543,1036,4
543,1156,3
543,1201,4
543,1195,2
543,1019,4
543,1090,3
544,1080,3
544,1290,2
544,1163,2
544,1045,4
544,1207,2
544,1078,2
544,1278,4
544,1293,2
544,1012,3
544,1276,4
544,1151,4
544,1170,3
544,1127,2
544,1261,3
544,1071,2
544,1185,2
544,1063,2
544,1216,4
544,1236,2
544,1097,3
544,1106,3
544,1044,3
544,1087,3
544,1164,2
544,1258,2
544,1041,2
544,1058,4
544,1230,2
544,1193,2
544,1198,3
544,1128,2
544,104,2
544,1123,2
544,1218,4
544,1121,3
544,1125,3
544,1231,1
544,1209,3
544,1166,3
544,1085,3
545,1268,2
545,1082,3
545,1057,3
545,1123,2
545,1177,3
545,1056,3
545,1138,4
545,1269,3
545,1266,3
545,1052,3
545,1190,3
545,108,2
545,1088,2
545,1178,2
545,1119,3
545,1150,2
545,1047,4
545,1241,2
545,1209,2
545,1172,3
545,1151,1
545,1200,2
545,1046,5
545,1126,3
545,1042,4
545,1044,4
545,1288,4
545,1008,2
545,1043,3
545,1141,2
545,1228,4
545,1105,4
545,1282,4
545,1032,3
545,1078,3
545,1287,4
545,1251,2
545,1112,3
545,1152,2
545,1258,3
546,1281,3
546,1117,5
546,1229,3
546,1207,2
546,1120,2
546,1156,2
546,1056,4
546,1204,2
546,1155,3
546,1276,3
546,1223,3
546,1058,5
546,1260,4
546,108,3
546,1078,3
546,1113,4
546,1273,2
546,1189,2
546,1206,3
546,1083,4
546,1203,2
546,1014,3
546,107,2
546,1275,2
546,105,2
546,1178,4
546,1288,3
546,1270,2
546,1005,5
546,1053,4
546,1261,3
546,1274,3
546,1253,3
546,104,1
546,1118,3
546,101,3
546,1162,2
546,1091,2
546,1225,2
546,1267,2
547,1071,4
547,1278,2
547,1201,2
547,1102,3
547,1162,2
547,1267,2
547,1113,4
547,1148,3
547,1290,2
547,1077,2
547,1191,4
547,1094,3
547,1268,3
547,1241,3
547,1129,4
547,1157,3
547,1171,2
547,1037,2
547,1019,3
547,1064,4
547,1109,2
547,1114,3
547,1176,2
547,1177,2
547,1260,2
547,1250,2
547,1170,3
547,1225,1
547,1068,5
547,1255,3
547,1105,5
547,1126,3
547,1196,2
547,1256,3
547,1041,2
547,1214,4
547,1033,2
547,1299,3
547,1005,4
547,1156,3
548,1014,5
548,1287,3
548,1081,3
548,1207,3
548,1086,3
548,1274,2
548,1256,3
548,1195,3
548,1169,3
548,1268,2
548,1003,4
548,1244,3
548,1002,2
548,1020,3
548,1277,4
548,1174,3
548,1225,2
548,1033,3
548,1283,2
548,1246,2
548,1138,5
548,1099,4
548,1156,3
548,1220,2
548,1067,3
548,1057,3
548,1161,2
548,1168,3
548,1183,2
548,1248,3
548,1004,4
548,1272,2
548,1129,3
548,1209,2
548,1299,2
548,107,3
548,101,2
548,1045,2
548,1165,2
548,1279,2
549,1021,3
549,1010,3
549,1205,3
549,1119,3
549,1128,3
549,1227,2
549,1149,3
549,1033,2
549,1250,2
549,108,4
549,1127,2
549,1060,3
549,1015,3
549,1070,3
549,1072,3
549,1091,4
549,1153,2
549,1280,4
549,1236,3
549,1168,3
549,1225,2
549,1101,3
549,1213,2
549,1276,3
549,1087,4
549,1248,2
549,1237,4
549,1185,3
549,1222,2
549,1176,2
549,1174,3
549,1169,3
549,1063,2
549,1161,3
549,1252,2
549,1203,4
549,1277,3
549,1157,2
549,1188,3
549,1268,3
550,1294,1
550,1193,3
550,1053,3
550,1093,5
550,1265,3
550,1217,3
550,1178,3
550,1170,2
550,1158,3
550,1280,2
550,1135,1
550,1075,4
550,1083,3
550,1286,2
550,1260,2
550,1044,2
550,1089,3
550,1118,3
550,1069,4
550,1139,2
550,1031,4
550,1227,2
550,1228,3
550,1036,4
550,1033,3
550,1258,2
550,103,3
550,1047,3
550,1185,2
550,1218,4
550,1142,2
550,1091,3
550,1186,2
550,1018,3
550,1127,4
550,1271,4
550,102,3
550,1295,2
550,1161,4
550,1071,4
551,1002,3
551,1181,4
551,1155,2
551,1242,2
551,1145,2
551,1023,2
551,1063,3
551,1264,3
551,1146,3
551,1164,3
551,1180,4
551,1267,2
551,1218,1
551,1208,3
551,1285,3
551,1156,4
551,1183,2
551,1281,4
551,1040,4
551,1079,3
551,1204,2
551,1256,3
551,1038,3
551,1108,5
551,1009,1
551,1245,1
551,1257,3
551,1115,4
551,1222,4
551,1099,3
551,1047,4
551,1258,1
551,1170,2
551,1289,4
551,1149,2
551,1112,4
551,1125,2
551,1159,2
551,1290,2
551,1080,2
552,1184,3
552,1098,3
552,1117,5
552,1179,3
552,1195,3
552,1134,2
552,1029,3
552,1198,2
552,1083,3
552,1295,4
552,1272,3
552,1245,3
552,1011,3
552,1079,3
552,1161,2
552,1069,2
552,1040,3
552,1176,4
552,1037,2
552,1129,2
552,1108,4
552,1171,4
552,1235,4
552,1058,3
552,1093,4
552,1187,1
552,1251,2
552,1014,2
552,1126,2
552,1151,3
552,1266,3
552,1178,4
552,1078,2
552,1190,2
552,1018,3
552,1064,3
552,1162,3
552,1139,3
552,1232,3
552,1070,3
553,1191,1
553,1288,3
553,1278,2
553,1013,2
553,1014,3
553,1168,4
553,1176,4
553,1242,4
553,1098,3
553,1095,3
553,1260,3
553,102,4
553,1227,3
553,1056,3
553,1199,1
553,1190,2
553,101,5
553,1287,3
553,1139,3
553,106,4
553,1147,2
553,1120,4
553,1225,3
553,1181,3
553,1005,3
553,1044,3
553,1224,3
553,1153,2
553,108,4
553,1162,4
553,1203,3
553,1192,3
553,1169,3
553,1157,4
553,1256,3
553,1296,1
553,1011,3
553,1195,3
553,1265,3
553,1294,2
554,1160,2
554,1144,2
554,1061,2
554,1066,2
554,1125,3
554,1296,1
554,1071,3
554,1079,5
554,1139,3
554,1114,2
554,1003,3
554,1068,2
554,1110,1
554,1059,3
554,1020,3
554,108,3
554,1005,2
554,1041,3
554,1089,3
554,1058,3
554,1221,2
554,1261,2
554,1270,3
554,1074,3
554,1127,4
554,1112,3
554,1162,3
554,1023,3
554,1292,3
554,1242,2
554,1282,3
554,1111,2
554,1163,4
554,1109,3
554,1157,3
554,1186,2
554,1051,3
554,1240,3
554,1202,2
554,1086,3
555,1271,3
555,1284,2
555,1232,3
555,1222,3
555,1224,3
555,1092,3
555,1270,3
555,1085,5
555,1145,4
555,1091,3
555,1249,1
555,1071,2
555,1024,3
555,1135,3
555,1213,3
555,1077,4
555,1296,2
555,1073,2
555,1076,2
555,1087,4
555,1074,3
555,1263,4
555,1106,3
555,1259,4
555,1034,2
555,1248,3
555,1158,3
555,1082,4
555,1075,3
555,1103,2
555,1164,3
555,1299,2
555,1006,2
555,1189,2
555,1066,2
555,1240,2
555,1289,3
555,1141,4
555,1013,4
555,1041,2
556,1003,3
556,1166,3
556,1116,2
556,1008,2
556,1288,3
556,1129,4
556,1279,2
556,1238,3
556,1177,3
556,1284,2
556,1168,4
556,1022,3
556,1252,2
556,1086,2
556,1236,3
556,1058,2
556,1107,2
556,1085,3
556,1089,3
556,108,2
556,103,3
556,1278,4
556,1207,2
556,1027,3
556,1277,4
556,1215,4
556,1147,4
556,1249,3
556,1144,3
556,1193,3
556,1225,2
556,1137,3
556,1230,2
556,1171,2
556,1078,2
556,1042,3
556,1272,4
556,1119,3
556,1179,3
556,1186,3
557,1209,2
557,1128,3
557,1079,2
557,1139,3
557,1158,2
557,1093,3
557,1071,2
557,1004,3
557,1212,2
557,1155,3
557,1130,3
557,1107,4
557,1063,3
557,1200,2
557,1026,2
557,1143,3
557,1104,4
557,1144,3
557,1022,3
557,1098,3
557,1236,4
557,1028,2
557,1168,4
557,1068,2
557,1089,2
557,1053,3
557,1014,3
557,1025,2
557,1163,4
557,1202,2
557,1265,2
557,1118,2
557,1007,3
557,1178,3
557,1115,3
557,1031,3
557,1087,3
557,1075,2
557,1197,2
557,1133,3
558,1028,2
558,1142,3
558,1283,2
558,1080,3
558,1007,3
558,1137,3
558,1299,4
558,1098,3
558,1000,2
558,1204,3
558,1140,3
558,1020,3
558,1127,3
558,1035,3
558,1058,4
558,1029,3
558,1022,3
558,1226,3
558,1012,3
558,1132,4
558,1097,1
558,1030,3
558,1006,2
558,1170,4
558,1181,3
558,105,3
558,1103,3
558,1037,3
558,1178,4
558,1259,3
558,1254,2
558,1225,3
558,1273,1
558,1154,2
558,1011,3
558,1190,2
558,108,2
558,1212,3
558,1219,3
558,1175,4
559,1094,3
559,1247,4
559,1030,3
559,1087,2
559,1066,3
559,104,3
559,1216,3
559,1156,3
559,1008,4
559,1271,2
559,1148,3
559,1082,3
559,1145,3
559,1002,3
559,1272,3
559,1256,3
559,1215,3
559,1009,3
559,1211,3
559,1295,3
559,1057,2
559,1154,3
559,1109,3
559,1112,3
559,1200,4
559,1011,2
559,1042,2
559,108,3
559,1290,2
559,1286,3
559,1113,3
559,1294,3
559,1129,3
559,1022,4
559,1005,4
559,1296,3
559,1250,3
559,1050,3
559,1076,3
559,1223,3
560,1001,3
560,1210,3
560,1244,3
560,1233,3
560,1246,2
560,1256,3
560,1111,3
560,1189,3
560,1225,4
560,1226,3
560,1251,3
560,1026,2
560,106,4
560,102,2
560,1253,4
560,1060,3
560,1120,2
560,1019,3
560,1249,2
560,1106,2
560,1175,2
560,1034,1
560,1104,1
560,1089,3
560,1041,3
560,1173,3
560,1224,3
560,1287,2
560,1083,3
560,1020,2
560,1279,3
560,1084,2
560,1119,3
560,1213,3
560,1190,4
560,1075,4
560,1000,3
560,1220,3
560,1069,3
560,1293,2
561,1002,3
561,1261,3
561,1005,2
561,1010,1
561,1165,2
561,1016,2
561,1019,2
561,1272,3
561,1103,2
561,1014,2
561,1205,4
561,1087,4
561,1176,2
561,1294,3
561,1250,3
561,1171,2
561,1181,4
561,1212,4
561,1143,3
561,1151,3
561,1031,4
561,1291,2
561,1285,3
561,1139,2
561,1026,4
561,1056,2
561,1125,3
561,1100,2
561,1025,5
561,1192,4
561,1182,2
561,107,4
561,1084,5
561,1297,2
561,1013,2
561,1217,3
561,1196,2
561,1039,2
561,1289,1
561,1052,3
562,1290,3
562,1022,2
562,1101,3
562,1209,3
562,1245,3
562,1141,2
562,1276,3
562,1211,5
562,1218,4
562,1176,2
562,1194,3
562,1233,4
562,1180,2
562,1096,4
562,1158,4
562,1030,4
562,1153,4
562,1119,3
562,1124,3
562,1244,2
562,1137,2
562,1095,5
562,1298,2
562,1061,4
562,1246,2
562,101,3
562,1257,3
562,1045,2
562,1079,4
562,1021,3
562,1226,4
562,1271,4
562,1014,3
562,1005,2
562,1098,4
562,1268,2
562,1037,4
562,102,3
562,1051,3
562,1065,1
563,1011,2
563,1078,3
563,1187,3
563,1001,2
563,1084,2
563,1259,2
563,1146,3
563,1203,4
563,1174,2
563,1161,3
563,1291,3
563,1064,2
563,1038,2
563,1263,3
563,1292,2
563,1154,2
563,1188,2
563,1268,3
563,1251,3
563,1197,4
563,1120,2
563,1286,3
563,1103,4
563,1090,2
563,1222,4
563,1132,3
563,1172,2
563,1089,2
563,1024,3
563,1264,2
563,1013,3
563,1082,3
563,1111,3
563,1269,2
563,1142,4
563,1276,3
563,1217,3
563,1202,3
563,1035,3
563,1147,2
564,103,3
564,1259,2
564,1201,1
564,1014,2
564,1037,3
564,1002,3
564,1185,4
564,1210,1
564,1154,3
564,1250,3
564,1220,4
564,1249,2
564,1073,2
564,1150,4
564,1058,4
564,1181,3
564,1207,4
564,1176,3
564,1274,3
564,1287,3
564,1103,2
564,1277,3
564,1160,2
564,1120,3
564,1013,3
564,1145,3
564,1142,1
564,1164,2
564,1001,3
564,1111,2
564,1286,3
564,1273,5
564,1196,3
564,1091,2
564,1261,2
564,1093,2
564,1121,3
564,1191,3
564,1003,2
564,1053,5
565,1252,3
565,1098,4
565,1094,2
565,1246,4
565,1278,2
565,1258,4
565,1047,3
565,1147,2
565,1243,5
565,1149,3
565,1066,4
565,1171,3
565,1004,4
565,1226,4
565,1105,3
565,1261,2
565,1060,4
565,1015,2
565,1296,3
565,1174,3
565,1022,2
565,1020,3
565,1218,3
565,1211,3
565,1220,2
565,1162,3
565,1163,3
565,101,5
565,1009,5
565,1156,3
565,1089,2
565,1155,3
565,1239,2
565,1188,3
565,1104,2
565,1192,2
565,1223,3
565,1103,2
565,1191,3
565,1026,2
566,1159,2
566,1203,3
566,1253,3
566,1095,3
566,1160,2
566,1299,4
566,1210,4
566,1056,3
566,1220,1
566,1258,4
566,1119,3
566,1277,2
566,1234,3
566,1236,3
566,1237,2
566,1187,2
566,1125,2
566,101,3
566,1060,3
566,1106,2
566,1144,3
566,1233,3
566,1054,2
566,1136,4
566,1168,3
566,1050,2
566,1090,2
566,1223,3
566,1131,4
566,104,3
566,1057,2
566,1264,2
566,1075,4
566,1206,2
566,1174,3
566,1212,2
566,1167,1
566,1084,3
566,1283,3
566,1184,2
567,1220,3
567,1023,4
567,1131,3
567,1114,3
567,1253,3
567,1268,4
567,1161,2
567,1067,3
567,1257,2
567,1222,3
567,1024,5
567,1172,3
567,1111,3
567,1130,3
567,1128,3
567,1107,3
567,1004,3
567,1059,4
567,1290,3
567,1230,2
567,1273,2
567,1154,2
567,1151,3
567,1082,4
567,1135,2
567,1071,2
567,1124,3
567,1266,5
567,104,4
567,1146,4
567,1209,4
567,1255,2
567,1260,4
567,1189,3
567,1277,3
567,1015,2
567,1223,2
567,1197,2
567,1094,2
567,1122,2
568,1237,3
568,1193,2
568,1080,2
568,1030,4
568,1249,3
568,1062,4
568,1084,1
568,1151,4
568,1229,3
568,1283,2
568,1056,2
568,1123,3
568,1244,4
568,1199,2
568,1274,5
568,1208,2
568,1217,4
568,1013,2
568,1225,2
568,1044,3
568,1192,3
568,1218,4
568,1039,4
568,1129,3
568,1257,2
568,1284,2
568,1175,2
568,1227,2
568,1064,3
568,1162,3
568,1266,4
568,1181,1
568,1090,4
568,1153,4
568,1069,3
568,1297,4
568,1020,2
568,1005,3
568,1088,4
568,1141,2
569,1176,3
569,1117,1
569,1116,3
569,1081,1
569,1037,2
569,1008,2
569,1043,4
569,1074,1
569,1164,3
569,1145,3
569,1198,1
569,1222,4
569,1159,2
569,1297,4
569,1027,2
569,1141,1
569,1288,4
569,1293,3
569,1175,2
569,1284,3
569,1221,4
569,1233,3
569,1013,2
569,1111,3
569,1040,4
569,1237,3
569,101,4
569,1211,3
569,1264,3
569,1056,2
569,1181,3
569,1274,3
569,1092,3
569,1087,3
569,1026,3
569,1128,3
569,1102,3
569,1160,4
569,1148,1
569,1190,3
570,1166,3
570,1017,2
570,1212,2
570,1239,3
570,1269,5
570,1078,3
570,1022,2
570,1286,2
570,1288,4
570,1098,2
570,1249,4
570,1237,4
570,1060,3
570,1052,5
570,1040,3
570,1062,2
570,1001,3
570,1102,3
570,1253,3
570,1069,3
570,1295,5
570,1250,4
570,1090,4
570,1292,5
570,1297,4
570,1012,3
570,1045,2
570,1180,2
570,102,3
570,1170,3
570,1144,3
570,1242,4
570,1210,1
570,1032,2
570,1214,2
570,1278,2
570,1023,3
570,1190,2
570,1254,3
570,1009,2
571,1026,3
571,1112,3
571,1186,4
571,1141,3
571,1025,2
571,1242,3
571,1205,3
571,1154,3
571,1283,3
571,1057,3
571,1001,4
571,1180,4
571,1285,2
571,1146,4
571,1269,2
571,1096,2
571,1195,1
571,1004,4
571,1005,5
571,1030,2
571,1207,3
571,1258,2
571,107,4
571,1046,3
571,1034,2
571,1166,3
571,1102,2
571,1189,3
571,1099,3
571,1145,2
571,1178,2
571,1092,3
571,1128,4
571,1244,4
571,1098,3
571,1056,2
571,1022,3
571,102,3
571,1290,3
571,1203,1
572,1140,2
572,1043,2
572,1033,3
572,1281,2
572,1096,3
572,1181,3
572,1093,3
572,1282,3
572,1042,5
572,101,3
572,1112,3
572,1254,3
572,1288,2
572,1029,3
572,1194,3
572,1196,4
572,1246,2
572,1217,3
572,1005,3
572,1176,2
572,1071,4
572,1251,5
572,1162,2
572,1250,3
572,1185,2
572,1263,1
572,1013,5
572,1125,3
572,1088,3
572,1065,3
572,1294,2
572,108,2
572,1008,4
572,1255,4
572,1292,4
572,1159,3
572,1268,2
572,1158,2
572,1239,2
572,1094,2
573,1061,3
573,1090,2
573,1120,3
573,1251,2
573,1045,3
573,105,2
573,1290,2
573,1137,3
573,1158,3
573,1076,1
573,1154,2
573,1159,3
573,1119,3
573,1284,3
573,1189,2
573,1066,3
573,1157,2
573,1176,3
573,1212,2
573,1032,2
573,1131,3
573,1129,3
573,1043,3
573,1071,2
573,1280,2
573,1269,3
573,1220,1
573,1023,5
573,1024,4
573,1021,5
573,1089,5
573,1058,3
573,1054,3
573,1162,2
573,1293,2
573,1122,2
573,1047,3
573,1246,2
573,1048,3
573,1041,3
574,1115,3
574,1149,2
574,1136,4
574,1193,3
574,1078,2
574,1081,3
574,1250,3
574,1003,3
574,1241,3
574,1127,1
574,1020,3
574,1152,4
574,1094,3
574,1254,2
574,1284,2
574,107,1
574,1167,3
574,1180,3
574,104,3
574,1130,3
574,1074,3
574,1260,3
574,1027,3
574,1215,4
574,1270,4
574,1110,3
574,1195,3
574,1070,2
574,1161,2
574,1220,2
574,1243,3
574,1083,4
574,1035,4
574,1005,3
574,1248,2
574,1086,3
574,1231,2
574,1138,3
574,1054,3
574,1017,2
575,1066,3
575,1008,3
575,1151,3
575,1163,4
575,1243,2
575,1256,3
575,1048,4
575,1117,2
575,1046,4
575,1140,2
575,1177,2
575,1186,3
575,1062,2
575,1182,3
575,1108,3
575,1023,3
575,1103,4
575,1022,3
575,1135,3
575,1025,2
575,1104,4
575,1000,2
575,108,2
575,1051,3
575,1049,4
575,1099,3
575,1136,3
575,1209,3
575,1146,3
575,1149,3
575,1086,3
575,1034,3
575,1119,3
575,1230,2
575,1236,4
575,1249,3
575,1006,3
575,1060,3
575,1234,3
575,1004,3
576,1239,3
576,105,3
576,1136,2
576,1064,3
576,1057,4
576,1181,3
576,1283,2
576,1106,3
576,1112,4
576,1062,2
576,1099,2
576,1274,4
576,1035,1
576,1147,2
576,1110,4
576,1100,2
576,1049,3
576,1200,2
576,1030,3
576,1212,2
576,1199,2
576,1233,4
576,1149,3
576,1203,3
576,1290,3
576,1241,3
576,1012,3
576,1050,4
576,1261,4
576,1288,2
576,1161,2
576,1026,3
576,1048,3
576,1052,5
576,1244,2
576,1271,1
576,1224,3
576,1114,3
576,1022,3
576,1092,3
577,1110,4
577,1218,3
577,1096,3
577,1199,3
577,1191,3
577,1211,2
577,1018,2
577,1138,4
577,1150,2
577,1267,2
577,1195,2
577,1226,3
577,1051,3
577,1053,2
577,1260,2
577,1030,2
577,1200,2
577,1026,3
577,1261,3
577,1078,3
577,1242,3
577,1217,2
577,1104,4
577,1143,4
577,1220,3
577,1229,3
577,1139,3
577,1293,2
577,1205,3
577,1216,3
577,1257,2
577,1141,3
577,1183,3
577,1056,2
577,1228,2
577,1112,3
577,1116,3
577,1044,2
577,1256,2
577,1258,3
578,1075,4
578,1159,3
578,1045,1
578,1247,3
578,1232,2
578,1139,4
578,1264,3
578,1173,3
578,1212,3
578,1156,3
578,1071,4
578,1198,3
578,1149,3
578,1130,3
578,1102,3
578,1216,2
578,1250,4
578,1061,2
578,1070,4
578,1004,3
578,1086,2
578,1057,2
578,1018,4
578,1132,4
578,1029,4
578,102,2
578,1206,2
578,1141,2
578,1284,2
578,1199,4
578,1013,4
578,1226,4
578,1074,5
578,1184,3
578,1166,3
578,1072,4
578,1023,3
578,1046,2
578,1134,3
578,1254,4
579,1198,2
579,1009,3
579,1144,5
579,1021,3
579,1202,4
579,1065,3
579,1117,3
579,1087,4
579,1041,2
579,1177,3
579,1053,2
579,1230,3
579,1153,3
579,1055,1
579,1184,2
579,1234,2
579,1294,3
579,1083,4
579,1287,3
579,1200,4
579,1006,3
579,1164,2
579,1259,3
579,1212,3
579,1173,3
579,1111,3
579,1033,2
579,1130,2
579,1100,4
579,1008,2
579,1245,1
579,1015,4
579,1138,3
579,1103,4
579,1032,2
579,1225,3
579,1226,3
579,1078,2
579,1076,3
579,1279,3
580,1087,3
580,1127,2
580,1134,3
580,1273,3
580,1196,2
580,1120,3
580,1201,2
580,1009,2
580,1048,3
580,1078,3
580,1206,3
580,1045,3
580,1194,3
580,1179,1
580,1158,4
580,1151,4
580,1058,3
580,1231,3
580,1291,2
580,1118,3
580,1092,4
580,1293,4
580,1284,2
580,1232,3
580,1020,3
580,1059,1
580,1053,3
580,1144,2
580,1187,1
580,1031,3
580,1189,2
580,1234,3
580,1186,3
580,1029,4
580,1017,2
580,1068,2
580,1210,4
580,1126,3
580,1142,3
580,1034,3
581,1050,2
581,1084,3
581,1169,4
581,1079,3
581,1224,4
581,1083,4
581,1289,4
581,1031,3
581,1199,2
581,1297,3
581,1141,2
581,1063,4
581,1066,3
581,1058,3
581,1064,3
581,1170,2
581,1118,2
581,1271,2
581,1123,3
581,1028,3
581,1274,2
581,1218,3
581,1161,4
581,1236,3
581,1191,4
581,1036,4
581,1242,3
581,1183,3
581,1240,2
581,1074,4
581,1073,3
581,1124,4
581,1178,2
581,1258,2
581,1112,3
581,1215,3
581,1213,3
581,108,2
581,1247,2
581,1291,2
582,1233,4
582,1139,3
582,1222,3
582,1082,4
582,1247,1
582,1283,3
582,1108,3
582,1288,2
582,1081,4
582,1065,4
582,1200,2
582,1249,2
582,1134,1
582,1284,3
582,1159,2
582,1125,2
582,1072,3
582,1205,3
582,1056,4
582,1118,5
582,1194,3
582,1285,2
582,1253,2
582,1101,4
582,1064,2
582,1150,3
582,1007,3
582,1255,4
582,1035,1
582,1168,2
582,1045,2
582,1030,3
582,1248,2
582,1005,2
582,1293,4
582,1251,1
582,1299,4
582,1265,2
582,1279,2
582,1023,2
583,1143,4
583,1295,2
583,1158,3
583,1046,1
583,1107,2
583,1094,4
583,1289,3
583,1209,3
583,1210,3
583,103,3
583,1166,3
583,1229,2
583,1157,2
583,1068,3
583,1286,1
583,1199,2
583,1194,1
583,1148,2
583,1237,2
583,1025,3
583,1039,3
583,1254,3
583,1035,3
583,1100,3
583,1060,3
583,102,5
583,1224,3
583,1071,2
583,1090,3
583,1285,3
583,1052,2
583,1290,3
583,1036,2
583,1267,4
583,1126,4
583,1196,3
583,1160,2
583,1178,2
583,1019,3
583,1202,3
584,1246,2
584,1231,3
584,1232,3
584,1131,4
584,1067,3
584,1084,3
584,1066,2
584,1042,1
584,1087,2
584,1146,1
584,1059,3
584,1047,3
584,1294,3
584,1237,3
584,1090,2
584,1254,4
584,1039,3
584,1287,2
584,1006,3
584,1111,2
584,1123,3
584,1219,3
584,1096,2
584,1045,1
584,1224,3
584,1159,3
584,1043,3
584,1008,2
584,1082,3
584,1179,3
584,1268,2
584,1113,3
584,1278,2
584,108,3
584,1251,4
584,1097,3
584,1112,4
584,1078,4
584,1234,3
584,1004,4
585,1295,3
585,1122,3
585,1166,3
585,1274,2
585,1013,3
585,1080,4
585,1254,3
585,1147,4
585,1169,3
585,1227,1
585,1052,2
585,1277,3
585,1205,3
585,1285,3
585,1043,3
585,1280,3
585,1255,3
585,1035,2
585,1210,3
585,1082,4
585,1181,3
585,1142,5
585,1297,3
585,1092,2
585,1046,3
585,1146,4
585,1156,2
585,1119,3
585,1206,4
585,1165,4
585,1094,2
585,1103,3
585,1256,3
585,1214,3
585,1048,2
585,1106,3
585,1204,5
585,1230,3
585,1140,5
585,1189,3
586,1219,4
586,1274,4
586,1223,2
586,1152,5
586,1277,4
586,1189,3
586,1124,3
586,1243,3
586,108,3
586,1051,3
586,1065,2
586,1178,3
586,1168,3
586,1118,2
586,1053,3
586,1163,3
586,1159,3
586,101,1
586,1125,3
586,1192,3
586,1044,3
586,1214,3
586,1049,3
586,1143,3
586,1111,2
586,1269,2
586,1131,2
586,1017,2
586,1108,1
586,1230,3
586,1056,2
586,1185,3
586,1236,2
586,1164,3
586,1136,3
586,1217,3
586,1206,3
586,1293,3
586,1021,2
586,1289,2
587,1241,2
587,1200,2
587,1092,2
587,1207,3
587,1199,2
587,1082,3
587,1249,3
587,1246,3
587,1041,4
587,1031,3
587,1228,3
587,1051,1
587,1215,3
587,1181,3
587,1100,4
587,1167,4
587,1297,3
587,1162,4
587,1169,5
587,1091,2
587,1129,3
587,1016,3
587,1209,3
587,1282,3
587,1258,2
587,1164,4
587,1057,2
587,1126,1
587,1267,3
587,1203,2
587,1112,2
587,1023,3
587,1285,3
587,1069,3
587,1158,3
587,1133,3
587,1054,1
587,1220,4
587,1289,4
587,1096,2
588,1242,3
588,1156,3
588,1031,2
588,101,3
588,1290,3
588,1006,1
588,1194,3
588,1173,5
588,1042,2
588,1136,1
588,1003,2
588,1241,3
588,1078,2
588,1108,2
588,1135,4
588,1200,3
588,1044,3
588,1177,4
588,1013,2
588,1131,3
588,1052,3
588,1024,3
588,1247,2
588,1017,4
588,1254,3
588,1070,3
588,1280,3
588,1069,2
588,1063,3
588,1018,2
588,1292,5
588,1065,2
588,1154,3
588,1037,2
588,1099,2
588,103,2
588,1083,2
588,1291,3
588,1174,5
588,1014,2
589,1142,2
589,1037,3
589,1098,2
589,1013,2
589,1052,2
589,1208,2
589,1017,1
589,1199,3
589,1122,5
589,1126,4
589,1289,3
589,1095,3
589,1179,3
589,1281,3
589,1116,2
589,1140,2
589,1240,5
589,1239,3
589,1091,3
589,1096,2
589,1137,2
589,1111,3
589,1224,3
589,1048,3
589,1272,2
589,1069,4
589,1043,3
589,1264,3
589,1073,2
589,1039,2
589,1188,4
589,1000,5
589,1214,3
589,1088,2
589,1283,3
589,1076,4
589,1104,2
589,1026,2
589,1262,3
589,1184,4
590,1110,2
590,1249,2
590,1126,2
590,1065,2
590,1021,3
590,1107,3
590,1028,2
590,1235,3
590,1168,2
590,1030,2
590,1125,4
590,1156,3
590,106,3
590,1014,4
590,1299,4
590,1004,2
590,1089,2
590,1178,2
590,1237,3
590,1062,3
590,1258,4
590,1184,3
590,1115,3
590,1166,3
590,1112,3
590,1287,3
590,1037,2
590,1188,2
590,1238,4
590,1104,2
590,1101,3
590,1086,2
590,1219,4
590,1155,3
590,1102,2
590,1143,3
590,1268,2
590,1018,4
590,1083,3
590,1145,2
591,1297,2
591,1263,4
591,1115,2
591,1285,2
591,1030,3
591,1005,3
591,1098,2
591,1082,4
591,104,3
591,1132,2
591,1046,2
591,1018,3
591,1109,2
591,1241,3
591,1059,2
591,1252,2
591,1026,3
591,1020,4
591,1068,3
591,1224,4
591,1080,4
591,1296,4
591,1166,2
591,1221,4
591,1159,2
591,1174,2
591,1050,2
591,1071,3
591,1212,3
591,1101,2
591,1229,4
591,1244,2
591,1210,3
591,1100,3
591,1003,2
591,1084,4
591,1073,2
591,1170,1
591,1044,2
591,1231,4
592,1141,2
592,1252,4
592,1173,2
592,1270,4
592,1211,5
592,1151,3
592,1246,3
592,1215,4
592,1205,2
592,1290,3
592,1175,2
592,1157,3
592,1240,3
592,103,3
592,1156,4
592,1052,2
592,1279,3
592,1200,4
592,1179,3
592,1018,3
592,1194,3
592,1229,3
592,1298,3
592,1289,2
592,1203,4
592,1135,3
592,1164,3
592,1026,3
592,1042,3
592,1183,4
592,1291,3
592,1152,4
592,1062,2
592,1161,2
592,1249,2
592,1225,4
592,102,1
592,1150,5
592,1076,3
592,1209,2
593,1185,4
593,1116,2
593,1157,3
593,1041,4
593,1142,2
593,1253,3
593,1229,4
593,1126,2
593,1294,3
593,1233,3
593,1038,3
593,1153,2
593,1059,3
593,1297,4
593,1160,3
593,1133,2
593,1181,4
593,1278,3
593,1298,2
593,1115,3
593,1271,2
593,1152,2
593,1106,3
593,1108,3
593,1161,4
593,1248,2
593,1284,3
593,1026,3
593,1213,3
593,1169,4
593,1170,2
593,1299,2
593,1165,3
593,1065,3
593,1060,2
593,1273,3
593,1234,3
593,1156,3
593,1032,2
593,1058,3
594,1145,3
594,1075,3
594,1000,3
594,1252,2
594,1142,1
594,1037,2
594,1255,2
594,1087,2
594,1271,1
594,1200,2
594,1156,3
594,1130,2
594,1283,1
594,1010,4
594,1230,3
594,1272,3
594,1218,3
594,1081,2
594,1158,3
594,1160,1
594,1009,2
594,1183,4
594,1151,3
594,1053,4
594,1163,2
594,1016,2
594,1285,2
594,1096,3
594,1226,4
594,1181,2
594,1221,3
594,102,2
594,1288,3
594,1186,3
594,1007,2
594,1197,3
594,1039,3
594,1208,3
594,1292,5
594,1133,2
595,1124,4
595,1179,3
595,1292,3
595,1188,4
595,1290,3
595,1048,2
595,1163,2
595,1232,3
595,1097,3
595,1125,4
595,1299,2
595,1091,3
595,1279,3
595,1169,3
595,1208,1
595,1094,3
595,1096,2
595,1236,2
595,1175,2
595,1282,3
595,1254,3
595,1129,4
595,1295,4
595,1035,3
595,1116,3
595,1268,4
595,1234,2
595,1262,4
595,1246,4
595,102,4
595,1049,3
595,1256,3
595,1037,1
595,1036,3
595,1053,3
595,1110,2
595,1111,3
595,1158,2
595,1073,1
595,1098,3
596,1009,3
596,1140,3
596,1064,4
596,1166,3
596,1294,4
596,1000,2
596,108,4
596,1087,2
596,1253,4
596,1142,3
596,1076,4
596,1060,3
596,1132,5
596,1041,3
596,1247,3
596,1014,4
596,1055,3
596,1268,4
596,1106,4
596,1040,2
596,1114,2
596,1245,4
596,1244,3
596,1133,3
596,1099,2
596,1123,3
596,1022,2
596,1234,3
596,1285,2
596,1079,4
596,1162,3
596,1038,3
596,1246,3
596,1117,3
596,1169,4
596,1258,5
596,1050,3
596,1111,3
596,1201,3
596,1248,3
597,1288,3
597,1159,4
597,1005,2
597,1294,4
597,1059,2
597,1280,3
597,1034,2
597,1261,5
597,1138,2
597,1252,4
597,1291,3
597,1295,4
597,1123,2
597,1174,2
597,1131,2
597,1290,3
597,1134,2
597,1296,4
597,1216,3
597,1064,2
597,1172,3
597,1142,3
597,1230,3
597,1067,2
597,1020,3
597,1139,2
597,1242,3
597,1120,3
597,1148,4
597,1056,3
597,1047,1
597,1221,2
597,1176,2
597,1202,4
597,1110,2
597,1283,3
597,1292,1
597,101,3
597,1126,2
597,1188,1
598,1054,4
598,1177,2
598,1120,3
598,1069,4
598,1075,4
598,1123,4
598,1051,1
598,1076,2
598,1154,4
598,101,4
598,1096,3
598,1261,4
598,1099,3
598,1132,2
598,1042,3
598,1087,3
598,1139,3
598,1235,4
598,1062,2
598,1084,2
598,1109,4
598,1225,2
598,1066,3
598,1014,2
598,1219,3
598,1144,2
598,1027,2
598,1298,3
598,1239,1
598,1168,2
598,1102,2
598,1236,2
598,1017,3
598,1018,2
598,1211,3
598,1112,2
598,1074,2
598,1297,3
598,1277,5
598,1276,4
599,1138,2
599,1061,2
599,102,2
599,1202,2
599,1122,1
599,1089,3
599,1094,2
599,1293,4
599,1155,3
599,1165,5
599,1088,3
599,1150,3
599,1092,3
599,1137,2
599,1280,5
599,1224,3
599,1042,3
599,1297,3
599,1219,1
599,1057,2
599,107,3
599,1130,2
599,1017,2
599,1281,5
599,1102,5
599,1086,2
599,1141,2
599,1067,2
599,1133,3
599,1008,3
599,1004,2
599,1033,2
599,1227,4
599,1107,4
599,1049,3
599,1184,2
599,1090,3
599,1105,4
599,1060,3
599,1142,2
600,1038,2
600,1281,4
600,1229,3
600,1244,4
600,1251,5
600,1287,3
600,1174,4
600,1046,3
600,1210,3
600,1199,1
600,1175,4
600,1020,2
600,1265,3
600,1016,2
600,1018,3
600,1182,2
600,1133,3
600,1143,2
600,1002,3
600,1065,3
600,1230,4
600,1216,3
600,1191,2
600,1022,2
600,1051,4
600,1056,5
600,1105,3
600,1041,2
600,1062,3
600,1165,3
600,1233,3
600,1180,1
600,1039,2
600,1004,2
600,1009,3
600,1001,2
600,1102,3
600,1189,3
600,1202,2
600,1267,3
